n,idx,distribution,travel,serv,obj,iters,time,alg,cost_profile
10,0,0,0,0,779.798,168.0,16.873,lns,"(0.5, 2.5, 10)"
10,0,0,0,1,1248.259,301.0,15.74,lns,"(0.5, 2.5, 10)"
10,1,0,0,0,934.988,169.0,16.015,lns,"(0.5, 2.5, 10)"
10,1,0,0,1,1597.979,272.0,15.906,lns,"(0.5, 2.5, 10)"
10,10,0,0,0,960.903,181.0,15.774,lns,"(0.5, 2.5, 10)"
10,10,0,0,1,1537.864,303.0,15.529,lns,"(0.5, 2.5, 10)"
10,11,0,0,0,875.473,203.0,15.671,lns,"(0.5, 2.5, 10)"
10,11,0,0,1,1430.592,221.0,15.531,lns,"(0.5, 2.5, 10)"
10,12,0,0,0,724.129,110.0,16.248,lns,"(0.5, 2.5, 10)"
10,12,0,0,1,1171.774,189.0,15.763,lns,"(0.5, 2.5, 10)"
10,13,0,0,0,802.209,106.0,15.988,lns,"(0.5, 2.5, 10)"
10,13,0,0,1,1252.888,214.0,15.603,lns,"(0.5, 2.5, 10)"
10,14,0,0,0,794.12,123.0,15.884,lns,"(0.5, 2.5, 10)"
10,14,0,0,1,1284.207,217.0,15.639,lns,"(0.5, 2.5, 10)"
10,15,0,0,0,762.106,126.0,15.652,lns,"(0.5, 2.5, 10)"
10,15,0,0,1,1241.134,223.0,15.475,lns,"(0.5, 2.5, 10)"
10,16,0,0,0,759.318,125.0,15.797,lns,"(0.5, 2.5, 10)"
10,16,0,0,1,1285.123,243.0,15.409,lns,"(0.5, 2.5, 10)"
10,17,0,0,0,778.709,161.0,15.526,lns,"(0.5, 2.5, 10)"
10,17,0,0,1,1284.73,236.0,15.382,lns,"(0.5, 2.5, 10)"
10,18,0,0,0,747.358,141.0,15.564,lns,"(0.5, 2.5, 10)"
10,18,0,0,1,1168.344,256.0,15.375,lns,"(0.5, 2.5, 10)"
10,19,0,0,0,832.154,128.0,15.573,lns,"(0.5, 2.5, 10)"
10,19,0,0,1,1328.597,255.0,15.386,lns,"(0.5, 2.5, 10)"
10,2,0,0,0,834.27,131.0,15.557,lns,"(0.5, 2.5, 10)"
10,2,0,0,1,1344.335,271.0,15.351,lns,"(0.5, 2.5, 10)"
10,3,0,0,0,705.012,153.0,15.577,lns,"(0.5, 2.5, 10)"
10,3,0,0,1,1151.438,264.0,15.434,lns,"(0.5, 2.5, 10)"
10,4,0,0,0,1022.802,174.0,15.465,lns,"(0.5, 2.5, 10)"
10,4,0,0,1,1683.711,278.0,15.375,lns,"(0.5, 2.5, 10)"
10,5,0,0,0,751.017,145.0,16.133,lns,"(0.5, 2.5, 10)"
10,5,0,0,1,1183.932,217.0,15.845,lns,"(0.5, 2.5, 10)"
10,6,0,0,0,907.915,176.0,15.484,lns,"(0.5, 2.5, 10)"
10,6,0,0,1,1494.973,277.0,15.387,lns,"(0.5, 2.5, 10)"
10,7,0,0,0,859.772,167.0,15.597,lns,"(0.5, 2.5, 10)"
10,7,0,0,1,1372.06,253.0,15.36,lns,"(0.5, 2.5, 10)"
10,8,0,0,0,896.379,167.0,15.855,lns,"(0.5, 2.5, 10)"
10,8,0,0,1,1476.047,245.0,15.806,lns,"(0.5, 2.5, 10)"
10,9,0,0,0,870.146,115.0,16.671,lns,"(0.5, 2.5, 10)"
10,9,0,0,1,1435.098,199.0,15.915,lns,"(0.5, 2.5, 10)"
6,0,0,0,0,395.078,222.0,5.158,lns,"(0.5, 2.5, 10)"
6,0,0,0,1,621.381,301.0,5.169,lns,"(0.5, 2.5, 10)"
6,1,0,0,0,492.744,209.0,5.212,lns,"(0.5, 2.5, 10)"
6,1,0,0,1,786.546,271.0,5.215,lns,"(0.5, 2.5, 10)"
6,10,0,0,0,533.896,235.0,5.125,lns,"(0.5, 2.5, 10)"
6,10,0,0,1,881.124,280.0,5.168,lns,"(0.5, 2.5, 10)"
6,11,0,0,0,494.631,220.0,5.204,lns,"(0.5, 2.5, 10)"
6,11,0,0,1,782.047,279.0,5.096,lns,"(0.5, 2.5, 10)"
6,12,0,0,0,466.835,223.0,5.184,lns,"(0.5, 2.5, 10)"
6,12,0,0,1,728.939,255.0,5.237,lns,"(0.5, 2.5, 10)"
6,13,0,0,0,603.441,229.0,5.162,lns,"(0.5, 2.5, 10)"
6,13,0,0,1,915.241,299.0,5.135,lns,"(0.5, 2.5, 10)"
6,14,0,0,0,538.299,251.0,5.116,lns,"(0.5, 2.5, 10)"
6,14,0,0,1,843.704,299.0,5.11,lns,"(0.5, 2.5, 10)"
6,15,0,0,0,502.455,181.0,5.182,lns,"(0.5, 2.5, 10)"
6,15,0,0,1,831.292,241.0,5.152,lns,"(0.5, 2.5, 10)"
6,16,0,0,0,532.951,217.0,5.153,lns,"(0.5, 2.5, 10)"
6,16,0,0,1,840.2,279.0,5.143,lns,"(0.5, 2.5, 10)"
6,17,0,0,0,386.397,211.0,5.287,lns,"(0.5, 2.5, 10)"
6,17,0,0,1,588.751,255.0,5.208,lns,"(0.5, 2.5, 10)"
6,18,0,0,0,575.157,202.0,5.182,lns,"(0.5, 2.5, 10)"
6,18,0,0,1,895.413,246.0,5.173,lns,"(0.5, 2.5, 10)"
6,19,0,0,0,499.748,187.0,5.123,lns,"(0.5, 2.5, 10)"
6,19,0,0,1,758.953,243.0,5.121,lns,"(0.5, 2.5, 10)"
6,2,0,0,0,442.858,165.0,5.137,lns,"(0.5, 2.5, 10)"
6,2,0,0,1,735.552,231.0,5.34,lns,"(0.5, 2.5, 10)"
6,3,0,0,0,448.366,184.0,5.295,lns,"(0.5, 2.5, 10)"
6,3,0,0,1,674.761,262.0,5.16,lns,"(0.5, 2.5, 10)"
6,4,0,0,0,612.673,208.0,5.106,lns,"(0.5, 2.5, 10)"
6,4,0,0,1,952.049,264.0,5.093,lns,"(0.5, 2.5, 10)"
6,5,0,0,0,523.732,213.0,5.121,lns,"(0.5, 2.5, 10)"
6,5,0,0,1,828.756,275.0,5.156,lns,"(0.5, 2.5, 10)"
6,6,0,0,0,557.643,225.0,5.101,lns,"(0.5, 2.5, 10)"
6,6,0,0,1,866.715,274.0,5.132,lns,"(0.5, 2.5, 10)"
6,7,0,0,0,619.928,176.0,5.199,lns,"(0.5, 2.5, 10)"
6,7,0,0,1,980.315,220.0,5.272,lns,"(0.5, 2.5, 10)"
6,8,0,0,0,438.964,165.0,5.382,lns,"(0.5, 2.5, 10)"
6,8,0,0,1,683.535,221.0,5.317,lns,"(0.5, 2.5, 10)"
6,9,0,0,0,500.894,201.0,5.286,lns,"(0.5, 2.5, 10)"
6,9,0,0,1,773.481,226.0,5.193,lns,"(0.5, 2.5, 10)"
8,0,0,0,0,597.205,140.0,10.487,lns,"(0.5, 2.5, 10)"
8,0,0,0,1,943.922,178.0,10.409,lns,"(0.5, 2.5, 10)"
8,1,0,0,0,681.417,117.0,10.581,lns,"(0.5, 2.5, 10)"
8,1,0,0,1,1101.576,179.0,10.369,lns,"(0.5, 2.5, 10)"
8,10,0,0,0,659.011,104.0,10.531,lns,"(0.5, 2.5, 10)"
8,10,0,0,1,1096.768,164.0,10.649,lns,"(0.5, 2.5, 10)"
8,11,0,0,0,645.18,138.0,10.353,lns,"(0.5, 2.5, 10)"
8,11,0,0,1,1039.054,235.0,10.247,lns,"(0.5, 2.5, 10)"
8,12,0,0,0,616.723,172.0,10.477,lns,"(0.5, 2.5, 10)"
8,12,0,0,1,974.52,214.0,10.363,lns,"(0.5, 2.5, 10)"
8,13,0,0,0,799.86,161.0,10.292,lns,"(0.5, 2.5, 10)"
8,13,0,0,1,1313.553,245.0,10.168,lns,"(0.5, 2.5, 10)"
8,14,0,0,0,567.757,167.0,10.31,lns,"(0.5, 2.5, 10)"
8,14,0,0,1,912.086,268.0,10.192,lns,"(0.5, 2.5, 10)"
8,15,0,0,0,653.542,165.0,10.444,lns,"(0.5, 2.5, 10)"
8,15,0,0,1,1117.438,244.0,10.325,lns,"(0.5, 2.5, 10)"
8,16,0,0,0,676.048,200.0,10.227,lns,"(0.5, 2.5, 10)"
8,16,0,0,1,1084.502,276.0,10.203,lns,"(0.5, 2.5, 10)"
8,17,0,0,0,662.914,204.0,10.343,lns,"(0.5, 2.5, 10)"
8,17,0,0,1,1055.755,254.0,10.293,lns,"(0.5, 2.5, 10)"
8,18,0,0,0,737.529,189.0,10.289,lns,"(0.5, 2.5, 10)"
8,18,0,0,1,1228.214,282.0,10.295,lns,"(0.5, 2.5, 10)"
8,19,0,0,0,692.137,201.0,10.275,lns,"(0.5, 2.5, 10)"
8,19,0,0,1,1092.877,310.0,10.251,lns,"(0.5, 2.5, 10)"
8,2,0,0,0,535.386,173.0,10.446,lns,"(0.5, 2.5, 10)"
8,2,0,0,1,830.298,288.0,10.239,lns,"(0.5, 2.5, 10)"
8,3,0,0,0,543.823,167.0,10.545,lns,"(0.5, 2.5, 10)"
8,3,0,0,1,883.997,246.0,10.38,lns,"(0.5, 2.5, 10)"
8,4,0,0,0,741.378,179.0,10.347,lns,"(0.5, 2.5, 10)"
8,4,0,0,1,1182.773,264.0,10.473,lns,"(0.5, 2.5, 10)"
8,5,0,0,0,714.471,143.0,10.907,lns,"(0.5, 2.5, 10)"
8,5,0,0,1,1180.103,205.0,10.855,lns,"(0.5, 2.5, 10)"
8,6,0,0,0,676.158,168.0,10.42,lns,"(0.5, 2.5, 10)"
8,6,0,0,1,1074.718,265.0,10.235,lns,"(0.5, 2.5, 10)"
8,7,0,0,0,727.047,166.0,10.45,lns,"(0.5, 2.5, 10)"
8,7,0,0,1,1236.538,278.0,10.248,lns,"(0.5, 2.5, 10)"
8,8,0,0,0,596.329,213.0,10.25,lns,"(0.5, 2.5, 10)"
8,8,0,0,1,967.809,322.0,10.217,lns,"(0.5, 2.5, 10)"
8,9,0,0,0,692.32,191.0,10.436,lns,"(0.5, 2.5, 10)"
8,9,0,0,1,1136.407,290.0,10.494,lns,"(0.5, 2.5, 10)"
15,0,0,0,0,1281.16,90.0,33.093,lns,"(0.5, 2.5, 10)"
15,0,0,0,1,2136.093,224.0,30.673,lns,"(0.5, 2.5, 10)"
15,1,0,0,0,1271.699,96.0,32.13,lns,"(0.5, 2.5, 10)"
15,1,0,0,1,2148.96,200.0,31.286,lns,"(0.5, 2.5, 10)"
15,10,0,0,0,1251.255,91.0,31.735,lns,"(0.5, 2.5, 10)"
15,10,0,0,1,2084.349,202.0,31.275,lns,"(0.5, 2.5, 10)"
15,11,0,0,0,1297.954,104.0,31.59,lns,"(0.5, 2.5, 10)"
15,11,0,0,1,2117.483,208.0,30.932,lns,"(0.5, 2.5, 10)"
15,12,0,0,0,1229.107,83.0,32.162,lns,"(0.5, 2.5, 10)"
15,12,0,0,1,2049.081,183.0,31.149,lns,"(0.5, 2.5, 10)"
15,13,0,0,0,1322.89,76.0,32.162,lns,"(0.5, 2.5, 10)"
15,13,0,0,1,2236.359,176.0,31.289,lns,"(0.5, 2.5, 10)"
15,14,0,0,0,1343.838,107.0,31.564,lns,"(0.5, 2.5, 10)"
15,14,0,0,1,2153.296,216.0,30.707,lns,"(0.5, 2.5, 10)"
15,15,0,0,0,1228.591,69.0,32.063,lns,"(0.5, 2.5, 10)"
15,15,0,0,1,2109.142,171.0,31.008,lns,"(0.5, 2.5, 10)"
15,16,0,0,0,1321.573,91.0,32.05,lns,"(0.5, 2.5, 10)"
15,16,0,0,1,2175.171,183.0,31.137,lns,"(0.5, 2.5, 10)"
15,17,0,0,0,1166.366,66.0,32.412,lns,"(0.5, 2.5, 10)"
15,17,0,0,1,1964.462,168.0,31.289,lns,"(0.5, 2.5, 10)"
15,18,0,0,0,1412.935,104.0,31.244,lns,"(0.5, 2.5, 10)"
15,18,0,0,1,2378.459,178.0,31.075,lns,"(0.5, 2.5, 10)"
15,19,0,0,0,1373.183,76.0,32.172,lns,"(0.5, 2.5, 10)"
15,19,0,0,1,2247.242,175.0,31.01,lns,"(0.5, 2.5, 10)"
15,2,0,0,0,1121.623,65.0,32.318,lns,"(0.5, 2.5, 10)"
15,2,0,0,1,1864.432,166.0,31.33,lns,"(0.5, 2.5, 10)"
15,3,0,0,0,1125.911,70.0,31.94,lns,"(0.5, 2.5, 10)"
15,3,0,0,1,1873.758,171.0,31.053,lns,"(0.5, 2.5, 10)"
15,4,0,0,0,1515.269,91.0,31.887,lns,"(0.5, 2.5, 10)"
15,4,0,0,1,2499.144,188.0,30.841,lns,"(0.5, 2.5, 10)"
15,5,0,0,0,1291.744,58.0,35.639,lns,"(0.5, 2.5, 10)"
15,5,0,0,1,2146.001,135.0,33.22,lns,"(0.5, 2.5, 10)"
15,6,0,0,0,1331.267,74.0,32.036,lns,"(0.5, 2.5, 10)"
15,6,0,0,1,2283.189,181.0,30.867,lns,"(0.5, 2.5, 10)"
15,7,0,0,0,1396.711,77.0,31.89,lns,"(0.5, 2.5, 10)"
15,7,0,0,1,2301.881,211.0,30.888,lns,"(0.5, 2.5, 10)"
15,8,0,0,0,1169.805,86.0,31.669,lns,"(0.5, 2.5, 10)"
15,8,0,0,1,1948.795,207.0,31.015,lns,"(0.5, 2.5, 10)"
15,9,0,0,0,1484.911,77.0,33.397,lns,"(0.5, 2.5, 10)"
15,9,0,0,1,2548.989,238.0,30.414,lns,"(0.5, 2.5, 10)"
10,0,0,0,0,847.113,140.0,16.063,lns,"(1.0, 2.5, 10)"
10,0,0,0,1,1342.899,249.0,15.508,lns,"(1.0, 2.5, 10)"
10,1,0,0,0,1013.826,137.0,15.771,lns,"(1.0, 2.5, 10)"
10,1,0,0,1,1677.705,220.0,15.676,lns,"(1.0, 2.5, 10)"
10,10,0,0,0,1047.01,158.0,15.56,lns,"(1.0, 2.5, 10)"
10,10,0,0,1,1673.289,243.0,15.529,lns,"(1.0, 2.5, 10)"
10,11,0,0,0,974.528,172.0,15.522,lns,"(1.0, 2.5, 10)"
10,11,0,0,1,1511.504,261.0,15.406,lns,"(1.0, 2.5, 10)"
10,12,0,0,0,822.543,131.0,15.932,lns,"(1.0, 2.5, 10)"
10,12,0,0,1,1280.559,224.0,15.601,lns,"(1.0, 2.5, 10)"
10,13,0,0,0,884.234,135.0,15.503,lns,"(1.0, 2.5, 10)"
10,13,0,0,1,1350.452,263.0,15.355,lns,"(1.0, 2.5, 10)"
10,14,0,0,0,861.434,155.0,15.539,lns,"(1.0, 2.5, 10)"
10,14,0,0,1,1381.075,253.0,15.358,lns,"(1.0, 2.5, 10)"
10,15,0,0,0,858.835,126.0,15.676,lns,"(1.0, 2.5, 10)"
10,15,0,0,1,1337.863,218.0,15.45,lns,"(1.0, 2.5, 10)"
10,16,0,0,0,843.605,124.0,15.73,lns,"(1.0, 2.5, 10)"
10,16,0,0,1,1365.58,233.0,15.515,lns,"(1.0, 2.5, 10)"
10,17,0,0,0,853.407,159.0,15.69,lns,"(1.0, 2.5, 10)"
10,17,0,0,1,1359.428,230.0,15.458,lns,"(1.0, 2.5, 10)"
10,18,0,0,0,846.605,140.0,15.641,lns,"(1.0, 2.5, 10)"
10,18,0,0,1,1273.544,220.0,15.42,lns,"(1.0, 2.5, 10)"
10,19,0,0,0,946.554,111.0,15.652,lns,"(1.0, 2.5, 10)"
10,19,0,0,1,1448.239,223.0,15.355,lns,"(1.0, 2.5, 10)"
10,2,0,0,0,896.512,121.0,15.636,lns,"(1.0, 2.5, 10)"
10,2,0,0,1,1441.713,231.0,15.41,lns,"(1.0, 2.5, 10)"
10,3,0,0,0,755.06,133.0,15.693,lns,"(1.0, 2.5, 10)"
10,3,0,0,1,1243.588,225.0,15.422,lns,"(1.0, 2.5, 10)"
10,4,0,0,0,1106.272,167.0,15.452,lns,"(1.0, 2.5, 10)"
10,4,0,0,1,1755.467,249.0,15.356,lns,"(1.0, 2.5, 10)"
10,5,0,0,0,844.584,130.0,16.175,lns,"(1.0, 2.5, 10)"
10,5,0,0,1,1296.677,196.0,15.964,lns,"(1.0, 2.5, 10)"
10,6,0,0,0,998.024,163.0,15.495,lns,"(1.0, 2.5, 10)"
10,6,0,0,1,1593.049,250.0,15.351,lns,"(1.0, 2.5, 10)"
10,7,0,0,0,956.718,152.0,15.625,lns,"(1.0, 2.5, 10)"
10,7,0,0,1,1437.823,226.0,15.469,lns,"(1.0, 2.5, 10)"
10,8,0,0,0,988.837,153.0,15.9,lns,"(1.0, 2.5, 10)"
10,8,0,0,1,1577.598,210.0,15.819,lns,"(1.0, 2.5, 10)"
10,9,0,0,0,974.707,100.0,16.533,lns,"(1.0, 2.5, 10)"
10,9,0,0,1,1531.954,173.0,15.965,lns,"(1.0, 2.5, 10)"
6,0,0,0,0,460.767,172.0,5.212,lns,"(1.0, 2.5, 10)"
6,0,0,0,1,692.968,230.0,5.161,lns,"(1.0, 2.5, 10)"
6,1,0,0,0,567.107,195.0,5.239,lns,"(1.0, 2.5, 10)"
6,1,0,0,1,860.909,249.0,5.237,lns,"(1.0, 2.5, 10)"
6,10,0,0,0,597.82,216.0,5.161,lns,"(1.0, 2.5, 10)"
6,10,0,0,1,945.049,259.0,5.201,lns,"(1.0, 2.5, 10)"
6,11,0,0,0,574.514,217.0,5.146,lns,"(1.0, 2.5, 10)"
6,11,0,0,1,853.918,287.0,5.099,lns,"(1.0, 2.5, 10)"
6,12,0,0,0,539.242,225.0,5.148,lns,"(1.0, 2.5, 10)"
6,12,0,0,1,801.584,266.0,5.237,lns,"(1.0, 2.5, 10)"
6,13,0,0,0,691.481,236.0,5.128,lns,"(1.0, 2.5, 10)"
6,13,0,0,1,1003.281,304.0,5.122,lns,"(1.0, 2.5, 10)"
6,14,0,0,0,605.017,265.0,5.123,lns,"(1.0, 2.5, 10)"
6,14,0,0,1,906.175,312.0,5.114,lns,"(1.0, 2.5, 10)"
6,15,0,0,0,587.282,199.0,5.172,lns,"(1.0, 2.5, 10)"
6,15,0,0,1,878.754,258.0,5.169,lns,"(1.0, 2.5, 10)"
6,16,0,0,0,589.828,236.0,5.133,lns,"(1.0, 2.5, 10)"
6,16,0,0,1,924.989,296.0,5.119,lns,"(1.0, 2.5, 10)"
6,17,0,0,0,444.303,218.0,5.167,lns,"(1.0, 2.5, 10)"
6,17,0,0,1,646.657,270.0,5.214,lns,"(1.0, 2.5, 10)"
6,18,0,0,0,670.626,230.0,5.107,lns,"(1.0, 2.5, 10)"
6,18,0,0,1,982.39,283.0,5.139,lns,"(1.0, 2.5, 10)"
6,19,0,0,0,593.473,216.0,5.148,lns,"(1.0, 2.5, 10)"
6,19,0,0,1,852.679,275.0,5.118,lns,"(1.0, 2.5, 10)"
6,2,0,0,0,514.722,192.0,5.152,lns,"(1.0, 2.5, 10)"
6,2,0,0,1,784.642,265.0,5.133,lns,"(1.0, 2.5, 10)"
6,3,0,0,0,517.762,211.0,5.202,lns,"(1.0, 2.5, 10)"
6,3,0,0,1,750.292,279.0,5.111,lns,"(1.0, 2.5, 10)"
6,4,0,0,0,699.019,227.0,5.138,lns,"(1.0, 2.5, 10)"
6,4,0,0,1,1038.395,291.0,5.092,lns,"(1.0, 2.5, 10)"
6,5,0,0,0,605.051,233.0,5.136,lns,"(1.0, 2.5, 10)"
6,5,0,0,1,910.321,300.0,5.114,lns,"(1.0, 2.5, 10)"
6,6,0,0,0,633.946,243.0,5.114,lns,"(1.0, 2.5, 10)"
6,6,0,0,1,944.901,302.0,5.102,lns,"(1.0, 2.5, 10)"
6,7,0,0,0,718.611,198.0,5.146,lns,"(1.0, 2.5, 10)"
6,7,0,0,1,1085.319,264.0,5.12,lns,"(1.0, 2.5, 10)"
6,8,0,0,0,516.111,190.0,5.151,lns,"(1.0, 2.5, 10)"
6,8,0,0,1,752.482,256.0,5.184,lns,"(1.0, 2.5, 10)"
6,9,0,0,0,579.01,234.0,5.111,lns,"(1.0, 2.5, 10)"
6,9,0,0,1,861.204,290.0,5.116,lns,"(1.0, 2.5, 10)"
8,0,0,0,0,674.129,190.0,10.379,lns,"(1.0, 2.5, 10)"
8,0,0,0,1,1009.859,252.0,10.288,lns,"(1.0, 2.5, 10)"
8,1,0,0,0,727.574,172.0,10.41,lns,"(1.0, 2.5, 10)"
8,1,0,0,1,1181.673,274.0,10.215,lns,"(1.0, 2.5, 10)"
8,10,0,0,0,739.936,160.0,10.333,lns,"(1.0, 2.5, 10)"
8,10,0,0,1,1167.749,236.0,10.322,lns,"(1.0, 2.5, 10)"
8,11,0,0,0,723.868,203.0,10.266,lns,"(1.0, 2.5, 10)"
8,11,0,0,1,1124.848,289.0,10.219,lns,"(1.0, 2.5, 10)"
8,12,0,0,0,717.074,191.0,10.324,lns,"(1.0, 2.5, 10)"
8,12,0,0,1,1079.722,251.0,10.361,lns,"(1.0, 2.5, 10)"
8,13,0,0,0,892.197,182.0,10.316,lns,"(1.0, 2.5, 10)"
8,13,0,0,1,1421.268,270.0,10.179,lns,"(1.0, 2.5, 10)"
8,14,0,0,0,636.635,188.0,10.312,lns,"(1.0, 2.5, 10)"
8,14,0,0,1,982.664,291.0,10.183,lns,"(1.0, 2.5, 10)"
8,15,0,0,0,738.648,187.0,10.419,lns,"(1.0, 2.5, 10)"
8,15,0,0,1,1190.325,261.0,10.316,lns,"(1.0, 2.5, 10)"
8,16,0,0,0,768.69,218.0,10.265,lns,"(1.0, 2.5, 10)"
8,16,0,0,1,1179.189,298.0,10.199,lns,"(1.0, 2.5, 10)"
8,17,0,0,0,738.731,212.0,10.335,lns,"(1.0, 2.5, 10)"
8,17,0,0,1,1139.472,267.0,10.311,lns,"(1.0, 2.5, 10)"
8,18,0,0,0,838.905,202.0,10.283,lns,"(1.0, 2.5, 10)"
8,18,0,0,1,1333.158,274.0,10.338,lns,"(1.0, 2.5, 10)"
8,19,0,0,0,788.577,194.0,10.299,lns,"(1.0, 2.5, 10)"
8,19,0,0,1,1195.926,302.0,10.199,lns,"(1.0, 2.5, 10)"
8,2,0,0,0,605.075,170.0,10.318,lns,"(1.0, 2.5, 10)"
8,2,0,0,1,916.05,279.0,10.233,lns,"(1.0, 2.5, 10)"
8,3,0,0,0,616.478,164.0,10.522,lns,"(1.0, 2.5, 10)"
8,3,0,0,1,956.652,238.0,10.409,lns,"(1.0, 2.5, 10)"
8,4,0,0,0,838.056,189.0,10.337,lns,"(1.0, 2.5, 10)"
8,4,0,0,1,1305.379,277.0,10.2,lns,"(1.0, 2.5, 10)"
8,5,0,0,0,796.648,152.0,10.803,lns,"(1.0, 2.5, 10)"
8,5,0,0,1,1246.136,214.0,10.788,lns,"(1.0, 2.5, 10)"
8,6,0,0,0,767.925,188.0,10.344,lns,"(1.0, 2.5, 10)"
8,6,0,0,1,1163.204,283.0,10.211,lns,"(1.0, 2.5, 10)"
8,7,0,0,0,816.171,177.0,10.419,lns,"(1.0, 2.5, 10)"
8,7,0,0,1,1239.4,301.0,10.248,lns,"(1.0, 2.5, 10)"
8,8,0,0,0,663.67,213.0,10.615,lns,"(1.0, 2.5, 10)"
8,8,0,0,1,1045.541,306.0,10.26,lns,"(1.0, 2.5, 10)"
8,9,0,0,0,775.308,182.0,10.733,lns,"(1.0, 2.5, 10)"
8,9,0,0,1,1226.727,270.0,10.424,lns,"(1.0, 2.5, 10)"
15,0,0,0,0,1399.274,83.0,33.365,lns,"(1.0, 2.5, 10)"
15,0,0,0,1,2278.987,176.0,32.024,lns,"(1.0, 2.5, 10)"
15,1,0,0,0,1367.674,85.0,32.443,lns,"(1.0, 2.5, 10)"
15,1,0,0,1,2274.22,170.0,31.618,lns,"(1.0, 2.5, 10)"
15,10,0,0,0,1365.077,83.0,32.04,lns,"(1.0, 2.5, 10)"
15,10,0,0,1,2188.999,178.0,31.142,lns,"(1.0, 2.5, 10)"
15,11,0,0,0,1401.75,91.0,31.771,lns,"(1.0, 2.5, 10)"
15,11,0,0,1,2231.437,169.0,30.897,lns,"(1.0, 2.5, 10)"
15,12,0,0,0,1337.005,68.0,32.295,lns,"(1.0, 2.5, 10)"
15,12,0,0,1,2163.563,153.0,31.361,lns,"(1.0, 2.5, 10)"
15,13,0,0,0,1423.088,60.0,32.375,lns,"(1.0, 2.5, 10)"
15,13,0,0,1,2346.074,143.0,31.505,lns,"(1.0, 2.5, 10)"
15,14,0,0,0,1451.07,86.0,31.953,lns,"(1.0, 2.5, 10)"
15,14,0,0,1,2319.067,175.0,30.774,lns,"(1.0, 2.5, 10)"
15,15,0,0,0,1341.263,66.0,32.203,lns,"(1.0, 2.5, 10)"
15,15,0,0,1,2227.575,168.0,31.251,lns,"(1.0, 2.5, 10)"
15,16,0,0,0,1409.259,91.0,32.094,lns,"(1.0, 2.5, 10)"
15,16,0,0,1,2296.283,176.0,31.373,lns,"(1.0, 2.5, 10)"
15,17,0,0,0,1267.534,68.0,32.862,lns,"(1.0, 2.5, 10)"
15,17,0,0,1,2099.534,173.0,31.217,lns,"(1.0, 2.5, 10)"
15,18,0,0,0,1510.7,104.0,31.365,lns,"(1.0, 2.5, 10)"
15,18,0,0,1,2483.525,194.0,30.879,lns,"(1.0, 2.5, 10)"
15,19,0,0,0,1523.487,84.0,31.727,lns,"(1.0, 2.5, 10)"
15,19,0,0,1,2387.123,191.0,30.965,lns,"(1.0, 2.5, 10)"
15,2,0,0,0,1243.973,72.0,32.137,lns,"(1.0, 2.5, 10)"
15,2,0,0,1,1965.218,183.0,31.214,lns,"(1.0, 2.5, 10)"
15,3,0,0,0,1200.492,73.0,32.227,lns,"(1.0, 2.5, 10)"
15,3,0,0,1,1971.149,185.0,30.969,lns,"(1.0, 2.5, 10)"
15,4,0,0,0,1635.891,97.0,31.631,lns,"(1.0, 2.5, 10)"
15,4,0,0,1,2644.657,198.0,31.037,lns,"(1.0, 2.5, 10)"
15,5,0,0,0,1417.93,62.0,36.969,lns,"(1.0, 2.5, 10)"
15,5,0,0,1,2270.498,148.0,33.479,lns,"(1.0, 2.5, 10)"
15,6,0,0,0,1448.648,77.0,31.912,lns,"(1.0, 2.5, 10)"
15,6,0,0,1,2379.894,188.0,30.822,lns,"(1.0, 2.5, 10)"
15,7,0,0,0,1495.923,81.0,31.995,lns,"(1.0, 2.5, 10)"
15,7,0,0,1,2448.701,217.0,30.82,lns,"(1.0, 2.5, 10)"
15,8,0,0,0,1284.161,92.0,31.734,lns,"(1.0, 2.5, 10)"
15,8,0,0,1,2052.902,210.0,31.027,lns,"(1.0, 2.5, 10)"
15,9,0,0,0,1561.992,79.0,32.942,lns,"(1.0, 2.5, 10)"
15,9,0,0,1,2648.652,277.0,30.426,lns,"(1.0, 2.5, 10)"
10,0,0,0,0,1004.569,100.0,16.185,lns,"(2.0, 2.5, 10)"
10,0,0,0,1,1498.529,184.0,15.547,lns,"(2.0, 2.5, 10)"
10,1,0,0,0,1173.278,99.0,15.911,lns,"(2.0, 2.5, 10)"
10,1,0,0,1,1837.157,170.0,15.749,lns,"(2.0, 2.5, 10)"
10,10,0,0,0,1201.069,122.0,15.608,lns,"(2.0, 2.5, 10)"
10,10,0,0,1,1861.635,191.0,15.416,lns,"(2.0, 2.5, 10)"
10,11,0,0,0,1175.429,128.0,15.469,lns,"(2.0, 2.5, 10)"
10,11,0,0,1,1704.058,243.0,15.371,lns,"(2.0, 2.5, 10)"
10,12,0,0,0,1019.372,133.0,15.89,lns,"(2.0, 2.5, 10)"
10,12,0,0,1,1497.521,207.0,15.563,lns,"(2.0, 2.5, 10)"
10,13,0,0,0,1068.556,154.0,15.456,lns,"(2.0, 2.5, 10)"
10,13,0,0,1,1553.11,252.0,15.28,lns,"(2.0, 2.5, 10)"
10,14,0,0,0,1030.196,147.0,15.528,lns,"(2.0, 2.5, 10)"
10,14,0,0,1,1557.07,242.0,15.395,lns,"(2.0, 2.5, 10)"
10,15,0,0,0,1052.293,123.0,15.759,lns,"(2.0, 2.5, 10)"
10,15,0,0,1,1531.321,213.0,15.495,lns,"(2.0, 2.5, 10)"
10,16,0,0,0,1012.178,120.0,15.864,lns,"(2.0, 2.5, 10)"
10,16,0,0,1,1532.237,219.0,15.538,lns,"(2.0, 2.5, 10)"
10,17,0,0,0,1002.803,156.0,15.628,lns,"(2.0, 2.5, 10)"
10,17,0,0,1,1508.824,222.0,15.423,lns,"(2.0, 2.5, 10)"
10,18,0,0,0,1050.2,147.0,15.591,lns,"(2.0, 2.5, 10)"
10,18,0,0,1,1486.446,232.0,15.394,lns,"(2.0, 2.5, 10)"
10,19,0,0,0,1111.201,125.0,15.629,lns,"(2.0, 2.5, 10)"
10,19,0,0,1,1639.445,235.0,15.45,lns,"(2.0, 2.5, 10)"
10,2,0,0,0,1061.984,129.0,15.626,lns,"(2.0, 2.5, 10)"
10,2,0,0,1,1613.241,235.0,15.357,lns,"(2.0, 2.5, 10)"
10,3,0,0,0,896.499,141.0,15.676,lns,"(2.0, 2.5, 10)"
10,3,0,0,1,1344.307,232.0,15.509,lns,"(2.0, 2.5, 10)"
10,4,0,0,0,1293.237,154.0,15.526,lns,"(2.0, 2.5, 10)"
10,4,0,0,1,1955.809,232.0,15.42,lns,"(2.0, 2.5, 10)"
10,5,0,0,0,1031.718,120.0,16.163,lns,"(2.0, 2.5, 10)"
10,5,0,0,1,1529.231,186.0,16.214,lns,"(2.0, 2.5, 10)"
10,6,0,0,0,1190.91,156.0,15.581,lns,"(2.0, 2.5, 10)"
10,6,0,0,1,1789.202,228.0,15.393,lns,"(2.0, 2.5, 10)"
10,7,0,0,0,1157.863,154.0,15.553,lns,"(2.0, 2.5, 10)"
10,7,0,0,1,1617.902,226.0,15.465,lns,"(2.0, 2.5, 10)"
10,8,0,0,0,1179.538,152.0,16.021,lns,"(2.0, 2.5, 10)"
10,8,0,0,1,1761.955,206.0,15.757,lns,"(2.0, 2.5, 10)"
10,9,0,0,0,1153.138,99.0,16.809,lns,"(2.0, 2.5, 10)"
10,9,0,0,1,1725.667,183.0,16.051,lns,"(2.0, 2.5, 10)"
6,0,0,0,0,592.145,189.0,5.18,lns,"(2.0, 2.5, 10)"
6,0,0,0,1,836.143,258.0,5.138,lns,"(2.0, 2.5, 10)"
6,1,0,0,0,715.834,190.0,5.235,lns,"(2.0, 2.5, 10)"
6,1,0,0,1,1009.636,244.0,5.249,lns,"(2.0, 2.5, 10)"
6,10,0,0,0,725.669,194.0,5.175,lns,"(2.0, 2.5, 10)"
6,10,0,0,1,1072.898,233.0,5.211,lns,"(2.0, 2.5, 10)"
6,11,0,0,0,719.242,213.0,5.181,lns,"(2.0, 2.5, 10)"
6,11,0,0,1,1013.684,283.0,5.102,lns,"(2.0, 2.5, 10)"
6,12,0,0,0,684.056,224.0,5.163,lns,"(2.0, 2.5, 10)"
6,12,0,0,1,946.873,264.0,5.236,lns,"(2.0, 2.5, 10)"
6,13,0,0,0,867.561,233.0,5.133,lns,"(2.0, 2.5, 10)"
6,13,0,0,1,1179.361,300.0,5.112,lns,"(2.0, 2.5, 10)"
6,14,0,0,0,710.344,259.0,5.136,lns,"(2.0, 2.5, 10)"
6,14,0,0,1,1031.117,303.0,5.131,lns,"(2.0, 2.5, 10)"
6,15,0,0,0,756.936,195.0,5.157,lns,"(2.0, 2.5, 10)"
6,15,0,0,1,1048.408,255.0,5.192,lns,"(2.0, 2.5, 10)"
6,16,0,0,0,739.009,228.0,5.138,lns,"(2.0, 2.5, 10)"
6,16,0,0,1,1094.566,291.0,5.124,lns,"(2.0, 2.5, 10)"
6,17,0,0,0,563.174,215.0,5.16,lns,"(2.0, 2.5, 10)"
6,17,0,0,1,762.469,261.0,5.213,lns,"(2.0, 2.5, 10)"
6,18,0,0,0,837.308,222.0,5.124,lns,"(2.0, 2.5, 10)"
6,18,0,0,1,1157.523,272.0,5.149,lns,"(2.0, 2.5, 10)"
6,19,0,0,0,780.924,209.0,5.12,lns,"(2.0, 2.5, 10)"
6,19,0,0,1,1040.13,270.0,5.135,lns,"(2.0, 2.5, 10)"
6,2,0,0,0,658.45,184.0,5.139,lns,"(2.0, 2.5, 10)"
6,2,0,0,1,928.37,260.0,5.171,lns,"(2.0, 2.5, 10)"
6,3,0,0,0,683.492,200.0,5.226,lns,"(2.0, 2.5, 10)"
6,3,0,0,1,925.64,255.0,5.199,lns,"(2.0, 2.5, 10)"
6,4,0,0,0,871.711,219.0,5.103,lns,"(2.0, 2.5, 10)"
6,4,0,0,1,1211.087,286.0,5.111,lns,"(2.0, 2.5, 10)"
6,5,0,0,0,767.689,221.0,5.135,lns,"(2.0, 2.5, 10)"
6,5,0,0,1,1073.451,284.0,5.118,lns,"(2.0, 2.5, 10)"
6,6,0,0,0,786.551,238.0,5.119,lns,"(2.0, 2.5, 10)"
6,6,0,0,1,1101.272,292.0,5.1,lns,"(2.0, 2.5, 10)"
6,7,0,0,0,876.633,206.0,5.158,lns,"(2.0, 2.5, 10)"
6,7,0,0,1,1255.114,274.0,5.118,lns,"(2.0, 2.5, 10)"
6,8,0,0,0,647.861,196.0,5.152,lns,"(2.0, 2.5, 10)"
6,8,0,0,1,890.375,262.0,5.145,lns,"(2.0, 2.5, 10)"
6,9,0,0,0,735.242,247.0,5.136,lns,"(2.0, 2.5, 10)"
6,9,0,0,1,1017.436,297.0,5.127,lns,"(2.0, 2.5, 10)"
8,0,0,0,0,833.255,183.0,10.377,lns,"(2.0, 2.5, 10)"
8,0,0,0,1,1149.717,239.0,10.264,lns,"(2.0, 2.5, 10)"
8,1,0,0,0,882.577,169.0,10.525,lns,"(2.0, 2.5, 10)"
8,1,0,0,1,1341.866,258.0,10.267,lns,"(2.0, 2.5, 10)"
8,10,0,0,0,895.006,149.0,10.463,lns,"(2.0, 2.5, 10)"
8,10,0,0,1,1329.6,226.0,10.332,lns,"(2.0, 2.5, 10)"
8,11,0,0,0,907.874,193.0,10.267,lns,"(2.0, 2.5, 10)"
8,11,0,0,1,1296.437,287.0,10.276,lns,"(2.0, 2.5, 10)"
8,12,0,0,0,909.055,192.0,10.429,lns,"(2.0, 2.5, 10)"
8,12,0,0,1,1285.024,247.0,10.436,lns,"(2.0, 2.5, 10)"
8,13,0,0,0,1072.159,175.0,10.335,lns,"(2.0, 2.5, 10)"
8,13,0,0,1,1631.489,243.0,10.347,lns,"(2.0, 2.5, 10)"
8,14,0,0,0,763.771,179.0,10.319,lns,"(2.0, 2.5, 10)"
8,14,0,0,1,1123.821,280.0,10.221,lns,"(2.0, 2.5, 10)"
8,15,0,0,0,908.86,165.0,10.546,lns,"(2.0, 2.5, 10)"
8,15,0,0,1,1342.818,226.0,10.346,lns,"(2.0, 2.5, 10)"
8,16,0,0,0,939.618,195.0,10.254,lns,"(2.0, 2.5, 10)"
8,16,0,0,1,1337.608,269.0,10.211,lns,"(2.0, 2.5, 10)"
8,17,0,0,0,882.099,191.0,10.331,lns,"(2.0, 2.5, 10)"
8,17,0,0,1,1299.244,237.0,10.32,lns,"(2.0, 2.5, 10)"
8,18,0,0,0,1033.12,188.0,10.34,lns,"(2.0, 2.5, 10)"
8,18,0,0,1,1543.844,273.0,10.326,lns,"(2.0, 2.5, 10)"
8,19,0,0,0,981.456,196.0,10.308,lns,"(2.0, 2.5, 10)"
8,19,0,0,1,1348.224,296.0,10.218,lns,"(2.0, 2.5, 10)"
8,2,0,0,0,760.49,166.0,10.318,lns,"(2.0, 2.5, 10)"
8,2,0,0,1,1082.678,273.0,10.198,lns,"(2.0, 2.5, 10)"
8,3,0,0,0,772.562,164.0,10.497,lns,"(2.0, 2.5, 10)"
8,3,0,0,1,1101.962,235.0,10.392,lns,"(2.0, 2.5, 10)"
8,4,0,0,0,976.468,191.0,10.267,lns,"(2.0, 2.5, 10)"
8,4,0,0,1,1484.03,277.0,10.217,lns,"(2.0, 2.5, 10)"
8,5,0,0,0,951.226,152.0,10.795,lns,"(2.0, 2.5, 10)"
8,5,0,0,1,1404.56,217.0,10.813,lns,"(2.0, 2.5, 10)"
8,6,0,0,0,944.413,201.0,10.294,lns,"(2.0, 2.5, 10)"
8,6,0,0,1,1340.176,289.0,10.204,lns,"(2.0, 2.5, 10)"
8,7,0,0,0,958.55,175.0,10.296,lns,"(2.0, 2.5, 10)"
8,7,0,0,1,1460.156,296.0,10.218,lns,"(2.0, 2.5, 10)"
8,8,0,0,0,798.352,215.0,10.278,lns,"(2.0, 2.5, 10)"
8,8,0,0,1,1206.477,321.0,10.252,lns,"(2.0, 2.5, 10)"
8,9,0,0,0,937.552,191.0,10.626,lns,"(2.0, 2.5, 10)"
8,9,0,0,1,1397.482,283.0,10.386,lns,"(2.0, 2.5, 10)"
15,0,0,0,0,1615.911,77.0,32.683,lns,"(2.0, 2.5, 10)"
15,0,0,0,1,2532.086,170.0,31.773,lns,"(2.0, 2.5, 10)"
15,1,0,0,0,1530.673,86.0,31.942,lns,"(2.0, 2.5, 10)"
15,1,0,0,1,2444.654,176.0,31.153,lns,"(2.0, 2.5, 10)"
15,10,0,0,0,1561.27,87.0,32.082,lns,"(2.0, 2.5, 10)"
15,10,0,0,1,2398.691,178.0,31.45,lns,"(2.0, 2.5, 10)"
15,11,0,0,0,1595.68,93.0,31.768,lns,"(2.0, 2.5, 10)"
15,11,0,0,1,2441.073,201.0,30.94,lns,"(2.0, 2.5, 10)"
15,12,0,0,0,1550.569,82.0,32.243,lns,"(2.0, 2.5, 10)"
15,12,0,0,1,2389.571,180.0,31.371,lns,"(2.0, 2.5, 10)"
15,13,0,0,0,1623.485,75.0,32.386,lns,"(2.0, 2.5, 10)"
15,13,0,0,1,2556.734,171.0,31.371,lns,"(2.0, 2.5, 10)"
15,14,0,0,0,1669.084,103.0,31.614,lns,"(2.0, 2.5, 10)"
15,14,0,0,1,2562.768,205.0,30.831,lns,"(2.0, 2.5, 10)"
15,15,0,0,0,1566.608,67.0,32.005,lns,"(2.0, 2.5, 10)"
15,15,0,0,1,2403.74,171.0,31.11,lns,"(2.0, 2.5, 10)"
15,16,0,0,0,1600.527,92.0,32.149,lns,"(2.0, 2.5, 10)"
15,16,0,0,1,2491.925,180.0,31.383,lns,"(2.0, 2.5, 10)"
15,17,0,0,0,1454.555,69.0,32.714,lns,"(2.0, 2.5, 10)"
15,17,0,0,1,2290.698,172.0,31.229,lns,"(2.0, 2.5, 10)"
15,18,0,0,0,1696.368,100.0,31.295,lns,"(2.0, 2.5, 10)"
15,18,0,0,1,2674.413,195.0,31.141,lns,"(2.0, 2.5, 10)"
15,19,0,0,0,1725.024,94.0,31.487,lns,"(2.0, 2.5, 10)"
15,19,0,0,1,2607.148,196.0,30.857,lns,"(2.0, 2.5, 10)"
15,2,0,0,0,1446.939,74.0,32.117,lns,"(2.0, 2.5, 10)"
15,2,0,0,1,2166.789,181.0,31.312,lns,"(2.0, 2.5, 10)"
15,3,0,0,0,1376.156,78.0,32.127,lns,"(2.0, 2.5, 10)"
15,3,0,0,1,2165.638,173.0,30.96,lns,"(2.0, 2.5, 10)"
15,4,0,0,0,1870.787,102.0,31.627,lns,"(2.0, 2.5, 10)"
15,4,0,0,1,2899.562,195.0,30.802,lns,"(2.0, 2.5, 10)"
15,5,0,0,0,1611.354,61.0,36.208,lns,"(2.0, 2.5, 10)"
15,5,0,0,1,2459.418,142.0,33.658,lns,"(2.0, 2.5, 10)"
15,6,0,0,0,1683.41,79.0,32.413,lns,"(2.0, 2.5, 10)"
15,6,0,0,1,2583.469,191.0,30.93,lns,"(2.0, 2.5, 10)"
15,7,0,0,0,1701.084,86.0,31.636,lns,"(2.0, 2.5, 10)"
15,7,0,0,1,2681.933,220.0,30.816,lns,"(2.0, 2.5, 10)"
15,8,0,0,0,1456.721,88.0,32.276,lns,"(2.0, 2.5, 10)"
15,8,0,0,1,2258.316,215.0,31.182,lns,"(2.0, 2.5, 10)"
15,9,0,0,0,1758.787,79.0,32.671,lns,"(2.0, 2.5, 10)"
15,9,0,0,1,2840.735,268.0,30.402,lns,"(2.0, 2.5, 10)"
10,0,0,0,0,765.643,0.0,16.752,tsang50,"(0.5, 2.5, 10)"
10,0,0,0,1,1344.519,0.0,16.731,tsang50,"(0.5, 2.5, 10)"
10,1,0,0,0,984.644,0.0,16.9,tsang50,"(0.5, 2.5, 10)"
10,1,0,0,1,1597.973,0.0,16.624,tsang50,"(0.5, 2.5, 10)"
10,10,0,0,0,999.37,0.0,16.664,tsang50,"(0.5, 2.5, 10)"
10,10,0,0,1,1645.892,0.0,16.445,tsang50,"(0.5, 2.5, 10)"
10,11,0,0,0,916.752,0.0,16.561,tsang50,"(0.5, 2.5, 10)"
10,11,0,0,1,1583.356,0.0,16.432,tsang50,"(0.5, 2.5, 10)"
10,12,0,0,0,794.826,0.0,16.722,tsang50,"(0.5, 2.5, 10)"
10,12,0,0,1,1284.346,0.0,16.576,tsang50,"(0.5, 2.5, 10)"
10,13,0,0,0,842.008,0.0,16.796,tsang50,"(0.5, 2.5, 10)"
10,13,0,0,1,1338.791,0.0,16.591,tsang50,"(0.5, 2.5, 10)"
10,14,0,0,0,822.755,0.0,16.693,tsang50,"(0.5, 2.5, 10)"
10,14,0,0,1,1386.646,0.0,16.549,tsang50,"(0.5, 2.5, 10)"
10,15,0,0,0,857.505,0.0,16.571,tsang50,"(0.5, 2.5, 10)"
10,15,0,0,1,1310.752,0.0,16.524,tsang50,"(0.5, 2.5, 10)"
10,16,0,0,0,818.863,0.0,16.76,tsang50,"(0.5, 2.5, 10)"
10,16,0,0,1,1346.171,0.0,16.519,tsang50,"(0.5, 2.5, 10)"
10,17,0,0,0,893.288,0.0,16.955,tsang50,"(0.5, 2.5, 10)"
10,17,0,0,1,1426.86,0.0,16.522,tsang50,"(0.5, 2.5, 10)"
10,18,0,0,0,823.572,0.0,16.64,tsang50,"(0.5, 2.5, 10)"
10,18,0,0,1,1348.628,0.0,16.592,tsang50,"(0.5, 2.5, 10)"
10,19,0,0,0,867.493,0.0,16.664,tsang50,"(0.5, 2.5, 10)"
10,19,0,0,1,1403.779,0.0,16.598,tsang50,"(0.5, 2.5, 10)"
10,2,0,0,0,870.854,0.0,16.57,tsang50,"(0.5, 2.5, 10)"
10,2,0,0,1,1485.861,0.0,16.404,tsang50,"(0.5, 2.5, 10)"
10,3,0,0,0,751.636,0.0,16.72,tsang50,"(0.5, 2.5, 10)"
10,3,0,0,1,1266.935,0.0,16.672,tsang50,"(0.5, 2.5, 10)"
10,4,0,0,0,1155.391,0.0,16.774,tsang50,"(0.5, 2.5, 10)"
10,4,0,0,1,1876.139,0.0,16.534,tsang50,"(0.5, 2.5, 10)"
10,5,0,0,0,844.725,0.0,17.32,tsang50,"(0.5, 2.5, 10)"
10,5,0,0,1,1195.34,0.0,16.925,tsang50,"(0.5, 2.5, 10)"
10,6,0,0,0,936.426,0.0,16.634,tsang50,"(0.5, 2.5, 10)"
10,6,0,0,1,1587.346,0.0,16.566,tsang50,"(0.5, 2.5, 10)"
10,7,0,0,0,900.769,0.0,16.76,tsang50,"(0.5, 2.5, 10)"
10,7,0,0,1,1468.572,0.0,16.612,tsang50,"(0.5, 2.5, 10)"
10,8,0,0,0,923.761,0.0,16.764,tsang50,"(0.5, 2.5, 10)"
10,8,0,0,1,1560.393,0.0,16.367,tsang50,"(0.5, 2.5, 10)"
10,9,0,0,0,883.658,0.0,17.285,tsang50,"(0.5, 2.5, 10)"
10,9,0,0,1,1469.273,0.0,16.898,tsang50,"(0.5, 2.5, 10)"
15,0,0,0,0,1387.32,0.0,37.438,tsang50,"(0.5, 2.5, 10)"
15,0,0,0,1,2395.483,0.0,35.947,tsang50,"(0.5, 2.5, 10)"
15,1,0,0,0,1526.704,0.0,36.404,tsang50,"(0.5, 2.5, 10)"
15,1,0,0,1,2477.598,0.0,34.863,tsang50,"(0.5, 2.5, 10)"
15,10,0,0,0,1380.876,0.0,35.522,tsang50,"(0.5, 2.5, 10)"
15,10,0,0,1,2290.936,0.0,34.871,tsang50,"(0.5, 2.5, 10)"
15,11,0,0,0,1483.98,0.0,36.177,tsang50,"(0.5, 2.5, 10)"
15,11,0,0,1,2342.795,0.0,35.012,tsang50,"(0.5, 2.5, 10)"
15,12,0,0,0,1454.084,0.0,36.42,tsang50,"(0.5, 2.5, 10)"
15,12,0,0,1,2400.827,0.0,34.999,tsang50,"(0.5, 2.5, 10)"
15,13,0,0,0,1545.071,0.0,35.881,tsang50,"(0.5, 2.5, 10)"
15,13,0,0,1,2349.956,0.0,35.206,tsang50,"(0.5, 2.5, 10)"
15,14,0,0,0,1472.391,0.0,35.172,tsang50,"(0.5, 2.5, 10)"
15,14,0,0,1,2449.947,0.0,34.774,tsang50,"(0.5, 2.5, 10)"
15,15,0,0,0,1397.216,0.0,36.368,tsang50,"(0.5, 2.5, 10)"
15,15,0,0,1,2278.522,0.0,34.906,tsang50,"(0.5, 2.5, 10)"
15,16,0,0,0,1515.9,0.0,36.054,tsang50,"(0.5, 2.5, 10)"
15,16,0,0,1,2236.777,0.0,35.055,tsang50,"(0.5, 2.5, 10)"
15,17,0,0,0,1253.459,0.0,35.707,tsang50,"(0.5, 2.5, 10)"
15,17,0,0,1,2097.854,0.0,35.038,tsang50,"(0.5, 2.5, 10)"
15,18,0,0,0,1515.4,0.0,35.789,tsang50,"(0.5, 2.5, 10)"
15,18,0,0,1,2559.762,0.0,35.146,tsang50,"(0.5, 2.5, 10)"
15,19,0,0,0,1635.875,0.0,35.821,tsang50,"(0.5, 2.5, 10)"
15,19,0,0,1,2485.716,0.0,34.991,tsang50,"(0.5, 2.5, 10)"
15,2,0,0,0,1269.148,0.0,36.97,tsang50,"(0.5, 2.5, 10)"
15,2,0,0,1,2071.929,0.0,35.273,tsang50,"(0.5, 2.5, 10)"
15,3,0,0,0,1302.039,0.0,37.105,tsang50,"(0.5, 2.5, 10)"
15,3,0,0,1,2085.285,0.0,35.526,tsang50,"(0.5, 2.5, 10)"
15,4,0,0,0,1697.301,0.0,35.778,tsang50,"(0.5, 2.5, 10)"
15,4,0,0,1,2806.765,0.0,35.063,tsang50,"(0.5, 2.5, 10)"
15,5,0,0,0,1425.686,0.0,38.653,tsang50,"(0.5, 2.5, 10)"
15,5,0,0,1,2185.971,0.0,35.917,tsang50,"(0.5, 2.5, 10)"
15,6,0,0,0,1430.823,0.0,36.251,tsang50,"(0.5, 2.5, 10)"
15,6,0,0,1,2367.798,0.0,35.002,tsang50,"(0.5, 2.5, 10)"
15,7,0,0,0,1628.282,0.0,36.207,tsang50,"(0.5, 2.5, 10)"
15,7,0,0,1,2536.601,0.0,34.783,tsang50,"(0.5, 2.5, 10)"
15,8,0,0,0,1325.909,0.0,36.005,tsang50,"(0.5, 2.5, 10)"
15,8,0,0,1,2134.706,0.0,35.146,tsang50,"(0.5, 2.5, 10)"
15,9,0,0,0,1690.679,0.0,36.37,tsang50,"(0.5, 2.5, 10)"
15,9,0,0,1,2781.057,0.0,34.799,tsang50,"(0.5, 2.5, 10)"
6,0,0,0,0,424.693,0.0,1.141,tsang50,"(0.5, 2.5, 10)"
6,0,0,0,1,729.27,0.0,1.242,tsang50,"(0.5, 2.5, 10)"
6,1,0,0,0,576.68,0.0,1.406,tsang50,"(0.5, 2.5, 10)"
6,1,0,0,1,985.255,0.0,1.526,tsang50,"(0.5, 2.5, 10)"
6,10,0,0,0,545.712,0.0,1.405,tsang50,"(0.5, 2.5, 10)"
6,10,0,0,1,854.717,0.0,1.28,tsang50,"(0.5, 2.5, 10)"
6,11,0,0,0,493.128,0.0,1.515,tsang50,"(0.5, 2.5, 10)"
6,11,0,0,1,860.686,0.0,1.4,tsang50,"(0.5, 2.5, 10)"
6,12,0,0,0,502.821,0.0,1.417,tsang50,"(0.5, 2.5, 10)"
6,12,0,0,1,711.768,0.0,1.133,tsang50,"(0.5, 2.5, 10)"
6,13,0,0,0,658.464,0.0,1.318,tsang50,"(0.5, 2.5, 10)"
6,13,0,0,1,1106.13,0.0,1.305,tsang50,"(0.5, 2.5, 10)"
6,14,0,0,0,525.916,0.0,1.388,tsang50,"(0.5, 2.5, 10)"
6,14,0,0,1,859.516,0.0,1.241,tsang50,"(0.5, 2.5, 10)"
6,15,0,0,0,517.361,0.0,1.496,tsang50,"(0.5, 2.5, 10)"
6,15,0,0,1,891.875,0.0,1.301,tsang50,"(0.5, 2.5, 10)"
6,16,0,0,0,587.06,0.0,1.435,tsang50,"(0.5, 2.5, 10)"
6,16,0,0,1,794.847,0.0,1.408,tsang50,"(0.5, 2.5, 10)"
6,17,0,0,0,418.741,0.0,1.479,tsang50,"(0.5, 2.5, 10)"
6,17,0,0,1,656.654,0.0,1.449,tsang50,"(0.5, 2.5, 10)"
6,18,0,0,0,633.119,0.0,1.408,tsang50,"(0.5, 2.5, 10)"
6,18,0,0,1,960.378,0.0,1.271,tsang50,"(0.5, 2.5, 10)"
6,19,0,0,0,499.748,0.0,1.492,tsang50,"(0.5, 2.5, 10)"
6,19,0,0,1,804.131,0.0,1.46,tsang50,"(0.5, 2.5, 10)"
6,2,0,0,0,442.858,0.0,1.782,tsang50,"(0.5, 2.5, 10)"
6,2,0,0,1,772.98,0.0,1.503,tsang50,"(0.5, 2.5, 10)"
6,3,0,0,0,488.542,0.0,1.502,tsang50,"(0.5, 2.5, 10)"
6,3,0,0,1,749.076,0.0,1.557,tsang50,"(0.5, 2.5, 10)"
6,4,0,0,0,683.973,0.0,1.452,tsang50,"(0.5, 2.5, 10)"
6,4,0,0,1,972.926,0.0,1.426,tsang50,"(0.5, 2.5, 10)"
6,5,0,0,0,553.93,0.0,1.518,tsang50,"(0.5, 2.5, 10)"
6,5,0,0,1,861.292,0.0,1.341,tsang50,"(0.5, 2.5, 10)"
6,6,0,0,0,576.54,0.0,1.522,tsang50,"(0.5, 2.5, 10)"
6,6,0,0,1,876.713,0.0,1.579,tsang50,"(0.5, 2.5, 10)"
6,7,0,0,0,617.614,0.0,1.577,tsang50,"(0.5, 2.5, 10)"
6,7,0,0,1,1081.293,0.0,1.602,tsang50,"(0.5, 2.5, 10)"
6,8,0,0,0,473.109,0.0,1.318,tsang50,"(0.5, 2.5, 10)"
6,8,0,0,1,690.223,0.0,1.486,tsang50,"(0.5, 2.5, 10)"
6,9,0,0,0,521.942,0.0,1.384,tsang50,"(0.5, 2.5, 10)"
6,9,0,0,1,798.163,0.0,1.24,tsang50,"(0.5, 2.5, 10)"
8,0,0,0,0,594.566,0.0,6.615,tsang50,"(0.5, 2.5, 10)"
8,0,0,0,1,953.29,0.0,7.394,tsang50,"(0.5, 2.5, 10)"
8,1,0,0,0,650.072,0.0,10.246,tsang50,"(0.5, 2.5, 10)"
8,1,0,0,1,1162.974,0.0,8.534,tsang50,"(0.5, 2.5, 10)"
8,10,0,0,0,682.816,0.0,10.99,tsang50,"(0.5, 2.5, 10)"
8,10,0,0,1,1177.663,0.0,10.892,tsang50,"(0.5, 2.5, 10)"
8,11,0,0,0,699.195,0.0,10.803,tsang50,"(0.5, 2.5, 10)"
8,11,0,0,1,1237.765,0.0,10.797,tsang50,"(0.5, 2.5, 10)"
8,12,0,0,0,636.205,0.0,10.024,tsang50,"(0.5, 2.5, 10)"
8,12,0,0,1,976.936,0.0,6.114,tsang50,"(0.5, 2.5, 10)"
8,13,0,0,0,804.862,0.0,8.391,tsang50,"(0.5, 2.5, 10)"
8,13,0,0,1,1359.316,0.0,10.974,tsang50,"(0.5, 2.5, 10)"
8,14,0,0,0,567.42,0.0,10.947,tsang50,"(0.5, 2.5, 10)"
8,14,0,0,1,943.88,0.0,10.862,tsang50,"(0.5, 2.5, 10)"
8,15,0,0,0,653.306,0.0,11.037,tsang50,"(0.5, 2.5, 10)"
8,15,0,0,1,1130.321,0.0,10.853,tsang50,"(0.5, 2.5, 10)"
8,16,0,0,0,728.964,0.0,7.983,tsang50,"(0.5, 2.5, 10)"
8,16,0,0,1,1160.545,0.0,9.581,tsang50,"(0.5, 2.5, 10)"
8,17,0,0,0,689.277,0.0,11.02,tsang50,"(0.5, 2.5, 10)"
8,17,0,0,1,1115.642,0.0,8.981,tsang50,"(0.5, 2.5, 10)"
8,18,0,0,0,793.896,0.0,11.035,tsang50,"(0.5, 2.5, 10)"
8,18,0,0,1,1373.892,0.0,10.862,tsang50,"(0.5, 2.5, 10)"
8,19,0,0,0,749.881,0.0,10.876,tsang50,"(0.5, 2.5, 10)"
8,19,0,0,1,1257.403,0.0,10.857,tsang50,"(0.5, 2.5, 10)"
8,2,0,0,0,544.573,0.0,10.913,tsang50,"(0.5, 2.5, 10)"
8,2,0,0,1,838.118,0.0,10.823,tsang50,"(0.5, 2.5, 10)"
8,3,0,0,0,598.761,0.0,10.312,tsang50,"(0.5, 2.5, 10)"
8,3,0,0,1,955.956,0.0,10.948,tsang50,"(0.5, 2.5, 10)"
8,4,0,0,0,750.856,0.0,10.494,tsang50,"(0.5, 2.5, 10)"
8,4,0,0,1,1280.306,0.0,10.911,tsang50,"(0.5, 2.5, 10)"
8,5,0,0,0,730.389,0.0,11.323,tsang50,"(0.5, 2.5, 10)"
8,5,0,0,1,1181.664,0.0,11.138,tsang50,"(0.5, 2.5, 10)"
8,6,0,0,0,756.833,0.0,11.021,tsang50,"(0.5, 2.5, 10)"
8,6,0,0,1,1149.289,0.0,10.353,tsang50,"(0.5, 2.5, 10)"
8,7,0,0,0,721.167,0.0,8.699,tsang50,"(0.5, 2.5, 10)"
8,7,0,0,1,1322.313,0.0,10.851,tsang50,"(0.5, 2.5, 10)"
8,8,0,0,0,622.9,0.0,11.149,tsang50,"(0.5, 2.5, 10)"
8,8,0,0,1,993.127,0.0,10.973,tsang50,"(0.5, 2.5, 10)"
8,9,0,0,0,733.08,0.0,11.337,tsang50,"(0.5, 2.5, 10)"
8,9,0,0,1,1199.089,0.0,10.885,tsang50,"(0.5, 2.5, 10)"
10,0,0,0,0,909.97,0.0,16.462,tsang50,"(1.0, 2.5, 10)"
10,0,0,0,1,1508.747,0.0,16.58,tsang50,"(1.0, 2.5, 10)"
10,1,0,0,0,1109.175,0.0,16.914,tsang50,"(1.0, 2.5, 10)"
10,1,0,0,1,1657.832,0.0,16.649,tsang50,"(1.0, 2.5, 10)"
10,10,0,0,0,1069.331,0.0,16.679,tsang50,"(1.0, 2.5, 10)"
10,10,0,0,1,1848.365,0.0,16.506,tsang50,"(1.0, 2.5, 10)"
10,11,0,0,0,994.759,0.0,16.388,tsang50,"(1.0, 2.5, 10)"
10,11,0,0,1,1780.182,0.0,16.322,tsang50,"(1.0, 2.5, 10)"
10,12,0,0,0,876.678,0.0,16.793,tsang50,"(1.0, 2.5, 10)"
10,12,0,0,1,1350.713,0.0,16.534,tsang50,"(1.0, 2.5, 10)"
10,13,0,0,0,959.182,0.0,16.804,tsang50,"(1.0, 2.5, 10)"
10,13,0,0,1,1450.822,0.0,16.554,tsang50,"(1.0, 2.5, 10)"
10,14,0,0,0,893.373,0.0,16.541,tsang50,"(1.0, 2.5, 10)"
10,14,0,0,1,1491.292,0.0,16.437,tsang50,"(1.0, 2.5, 10)"
10,15,0,0,0,880.059,0.0,16.613,tsang50,"(1.0, 2.5, 10)"
10,15,0,0,1,1493.307,0.0,16.517,tsang50,"(1.0, 2.5, 10)"
10,16,0,0,0,984.049,0.0,16.638,tsang50,"(1.0, 2.5, 10)"
10,16,0,0,1,1479.513,0.0,16.613,tsang50,"(1.0, 2.5, 10)"
10,17,0,0,0,987.236,0.0,17.069,tsang50,"(1.0, 2.5, 10)"
10,17,0,0,1,1486.225,0.0,16.611,tsang50,"(1.0, 2.5, 10)"
10,18,0,0,0,903.894,0.0,16.779,tsang50,"(1.0, 2.5, 10)"
10,18,0,0,1,1438.954,0.0,16.543,tsang50,"(1.0, 2.5, 10)"
10,19,0,0,0,1018.102,0.0,16.775,tsang50,"(1.0, 2.5, 10)"
10,19,0,0,1,1482.824,0.0,16.449,tsang50,"(1.0, 2.5, 10)"
10,2,0,0,0,952.611,0.0,16.586,tsang50,"(1.0, 2.5, 10)"
10,2,0,0,1,1556.204,0.0,16.491,tsang50,"(1.0, 2.5, 10)"
10,3,0,0,0,813.399,0.0,16.739,tsang50,"(1.0, 2.5, 10)"
10,3,0,0,1,1362.164,0.0,16.719,tsang50,"(1.0, 2.5, 10)"
10,4,0,0,0,1103.705,0.0,16.534,tsang50,"(1.0, 2.5, 10)"
10,4,0,0,1,2076.294,0.0,16.497,tsang50,"(1.0, 2.5, 10)"
10,5,0,0,0,950.438,0.0,17.174,tsang50,"(1.0, 2.5, 10)"
10,5,0,0,1,1332.803,0.0,16.817,tsang50,"(1.0, 2.5, 10)"
10,6,0,0,0,1052.454,0.0,16.672,tsang50,"(1.0, 2.5, 10)"
10,6,0,0,1,1713.502,0.0,16.529,tsang50,"(1.0, 2.5, 10)"
10,7,0,0,0,1001.723,0.0,16.691,tsang50,"(1.0, 2.5, 10)"
10,7,0,0,1,1542.666,0.0,16.643,tsang50,"(1.0, 2.5, 10)"
10,8,0,0,0,1115.029,0.0,16.929,tsang50,"(1.0, 2.5, 10)"
10,8,0,0,1,1725.227,0.0,16.545,tsang50,"(1.0, 2.5, 10)"
10,9,0,0,0,980.12,0.0,17.167,tsang50,"(1.0, 2.5, 10)"
10,9,0,0,1,1541.881,0.0,16.715,tsang50,"(1.0, 2.5, 10)"
15,0,0,0,0,1615.461,0.0,35.962,tsang50,"(1.0, 2.5, 10)"
15,0,0,0,1,2581.151,0.0,36.089,tsang50,"(1.0, 2.5, 10)"
15,1,0,0,0,1616.488,0.0,35.939,tsang50,"(1.0, 2.5, 10)"
15,1,0,0,1,2502.616,0.0,34.591,tsang50,"(1.0, 2.5, 10)"
15,10,0,0,0,1551.171,0.0,36.196,tsang50,"(1.0, 2.5, 10)"
15,10,0,0,1,2464.774,0.0,35.181,tsang50,"(1.0, 2.5, 10)"
15,11,0,0,0,1513.33,0.0,35.878,tsang50,"(1.0, 2.5, 10)"
15,11,0,0,1,2467.615,0.0,35.054,tsang50,"(1.0, 2.5, 10)"
15,12,0,0,0,1520.153,0.0,36.159,tsang50,"(1.0, 2.5, 10)"
15,12,0,0,1,2377.748,0.0,35.284,tsang50,"(1.0, 2.5, 10)"
15,13,0,0,0,1647.614,0.0,35.687,tsang50,"(1.0, 2.5, 10)"
15,13,0,0,1,2593.76,0.0,34.692,tsang50,"(1.0, 2.5, 10)"
15,14,0,0,0,1685.247,0.0,36.026,tsang50,"(1.0, 2.5, 10)"
15,14,0,0,1,2523.557,0.0,35.114,tsang50,"(1.0, 2.5, 10)"
15,15,0,0,0,1620.661,0.0,36.728,tsang50,"(1.0, 2.5, 10)"
15,15,0,0,1,2505.802,0.0,35.294,tsang50,"(1.0, 2.5, 10)"
15,16,0,0,0,1685.63,0.0,36.632,tsang50,"(1.0, 2.5, 10)"
15,16,0,0,1,2421.513,0.0,35.482,tsang50,"(1.0, 2.5, 10)"
15,17,0,0,0,1519.469,0.0,38.618,tsang50,"(1.0, 2.5, 10)"
15,17,0,0,1,2359.423,0.0,36.288,tsang50,"(1.0, 2.5, 10)"
15,18,0,0,0,1742.421,0.0,35.584,tsang50,"(1.0, 2.5, 10)"
15,18,0,0,1,2758.214,0.0,34.912,tsang50,"(1.0, 2.5, 10)"
15,19,0,0,0,1769.963,0.0,36.253,tsang50,"(1.0, 2.5, 10)"
15,19,0,0,1,2684.597,0.0,34.874,tsang50,"(1.0, 2.5, 10)"
15,2,0,0,0,1332.223,0.0,35.825,tsang50,"(1.0, 2.5, 10)"
15,2,0,0,1,2154.284,0.0,34.827,tsang50,"(1.0, 2.5, 10)"
15,3,0,0,0,1438.612,0.0,36.064,tsang50,"(1.0, 2.5, 10)"
15,3,0,0,1,2147.477,0.0,35.143,tsang50,"(1.0, 2.5, 10)"
15,4,0,0,0,1895.132,0.0,36.276,tsang50,"(1.0, 2.5, 10)"
15,4,0,0,1,2877.468,0.0,35.287,tsang50,"(1.0, 2.5, 10)"
15,5,0,0,0,1540.948,0.0,39.191,tsang50,"(1.0, 2.5, 10)"
15,5,0,0,1,2646.778,0.0,35.332,tsang50,"(1.0, 2.5, 10)"
15,6,0,0,0,1595.969,0.0,36.144,tsang50,"(1.0, 2.5, 10)"
15,6,0,0,1,2582.212,0.0,35.272,tsang50,"(1.0, 2.5, 10)"
15,7,0,0,0,1772.536,0.0,36.52,tsang50,"(1.0, 2.5, 10)"
15,7,0,0,1,2797.973,0.0,34.979,tsang50,"(1.0, 2.5, 10)"
15,8,0,0,0,1479.648,0.0,37.233,tsang50,"(1.0, 2.5, 10)"
15,8,0,0,1,2186.156,0.0,35.443,tsang50,"(1.0, 2.5, 10)"
15,9,0,0,0,1798.956,0.0,39.327,tsang50,"(1.0, 2.5, 10)"
15,9,0,0,1,2835.514,0.0,35.864,tsang50,"(1.0, 2.5, 10)"
6,0,0,0,0,494.719,0.0,1.119,tsang50,"(1.0, 2.5, 10)"
6,0,0,0,1,745.8,0.0,1.025,tsang50,"(1.0, 2.5, 10)"
6,1,0,0,0,669.96,0.0,1.272,tsang50,"(1.0, 2.5, 10)"
6,1,0,0,1,1019.056,0.0,1.404,tsang50,"(1.0, 2.5, 10)"
6,10,0,0,0,614.707,0.0,1.181,tsang50,"(1.0, 2.5, 10)"
6,10,0,0,1,923.712,0.0,1.144,tsang50,"(1.0, 2.5, 10)"
6,11,0,0,0,568.499,0.0,1.207,tsang50,"(1.0, 2.5, 10)"
6,11,0,0,1,941.659,0.0,1.373,tsang50,"(1.0, 2.5, 10)"
6,12,0,0,0,575.529,0.0,1.248,tsang50,"(1.0, 2.5, 10)"
6,12,0,0,1,784.175,0.0,1.07,tsang50,"(1.0, 2.5, 10)"
6,13,0,0,0,743.64,0.0,1.134,tsang50,"(1.0, 2.5, 10)"
6,13,0,0,1,1206.4,0.0,1.201,tsang50,"(1.0, 2.5, 10)"
6,14,0,0,0,590.134,0.0,1.245,tsang50,"(1.0, 2.5, 10)"
6,14,0,0,1,926.876,0.0,1.125,tsang50,"(1.0, 2.5, 10)"
6,15,0,0,0,587.282,0.0,1.282,tsang50,"(1.0, 2.5, 10)"
6,15,0,0,1,982.859,0.0,1.217,tsang50,"(1.0, 2.5, 10)"
6,16,0,0,0,684.614,0.0,1.224,tsang50,"(1.0, 2.5, 10)"
6,16,0,0,1,869.437,0.0,1.183,tsang50,"(1.0, 2.5, 10)"
6,17,0,0,0,479.857,0.0,1.231,tsang50,"(1.0, 2.5, 10)"
6,17,0,0,1,715.748,0.0,1.316,tsang50,"(1.0, 2.5, 10)"
6,18,0,0,0,724.596,0.0,1.241,tsang50,"(1.0, 2.5, 10)"
6,18,0,0,1,1063.913,0.0,1.154,tsang50,"(1.0, 2.5, 10)"
6,19,0,0,0,593.473,0.0,1.459,tsang50,"(1.0, 2.5, 10)"
6,19,0,0,1,918.897,0.0,1.333,tsang50,"(1.0, 2.5, 10)"
6,2,0,0,0,514.722,0.0,1.304,tsang50,"(1.0, 2.5, 10)"
6,2,0,0,1,805.685,0.0,1.411,tsang50,"(1.0, 2.5, 10)"
6,3,0,0,0,558.478,0.0,1.362,tsang50,"(1.0, 2.5, 10)"
6,3,0,0,1,846.457,0.0,1.23,tsang50,"(1.0, 2.5, 10)"
6,4,0,0,0,699.019,0.0,1.22,tsang50,"(1.0, 2.5, 10)"
6,4,0,0,1,1071.569,0.0,1.245,tsang50,"(1.0, 2.5, 10)"
6,5,0,0,0,638.823,0.0,1.351,tsang50,"(1.0, 2.5, 10)"
6,5,0,0,1,949.426,0.0,1.216,tsang50,"(1.0, 2.5, 10)"
6,6,0,0,0,619.912,0.0,1.362,tsang50,"(1.0, 2.5, 10)"
6,6,0,0,1,956.417,0.0,1.351,tsang50,"(1.0, 2.5, 10)"
6,7,0,0,0,716.698,0.0,1.292,tsang50,"(1.0, 2.5, 10)"
6,7,0,0,1,1166.238,0.0,1.216,tsang50,"(1.0, 2.5, 10)"
6,8,0,0,0,540.096,0.0,1.209,tsang50,"(1.0, 2.5, 10)"
6,8,0,0,1,756.098,0.0,1.205,tsang50,"(1.0, 2.5, 10)"
6,9,0,0,0,586.75,0.0,1.188,tsang50,"(1.0, 2.5, 10)"
6,9,0,0,1,891.006,0.0,1.283,tsang50,"(1.0, 2.5, 10)"
8,0,0,0,0,674.129,0.0,7.767,tsang50,"(1.0, 2.5, 10)"
8,0,0,0,1,998.947,0.0,7.375,tsang50,"(1.0, 2.5, 10)"
8,1,0,0,0,727.574,0.0,8.39,tsang50,"(1.0, 2.5, 10)"
8,1,0,0,1,1223.446,0.0,10.955,tsang50,"(1.0, 2.5, 10)"
8,10,0,0,0,782.181,0.0,11.083,tsang50,"(1.0, 2.5, 10)"
8,10,0,0,1,1196.48,0.0,10.018,tsang50,"(1.0, 2.5, 10)"
8,11,0,0,0,771.353,0.0,10.928,tsang50,"(1.0, 2.5, 10)"
8,11,0,0,1,1330.228,0.0,10.856,tsang50,"(1.0, 2.5, 10)"
8,12,0,0,0,742.242,0.0,8.794,tsang50,"(1.0, 2.5, 10)"
8,12,0,0,1,1084.408,0.0,7.123,tsang50,"(1.0, 2.5, 10)"
8,13,0,0,0,897.892,0.0,6.466,tsang50,"(1.0, 2.5, 10)"
8,13,0,0,1,1452.548,0.0,10.841,tsang50,"(1.0, 2.5, 10)"
8,14,0,0,0,626.625,0.0,10.995,tsang50,"(1.0, 2.5, 10)"
8,14,0,0,1,1027.404,0.0,10.823,tsang50,"(1.0, 2.5, 10)"
8,15,0,0,0,760.308,0.0,10.911,tsang50,"(1.0, 2.5, 10)"
8,15,0,0,1,1245.45,0.0,10.965,tsang50,"(1.0, 2.5, 10)"
8,16,0,0,0,814.378,0.0,7.85,tsang50,"(1.0, 2.5, 10)"
8,16,0,0,1,1263.659,0.0,7.247,tsang50,"(1.0, 2.5, 10)"
8,17,0,0,0,723.522,0.0,10.883,tsang50,"(1.0, 2.5, 10)"
8,17,0,0,1,1200.74,0.0,11.034,tsang50,"(1.0, 2.5, 10)"
8,18,0,0,0,935.374,0.0,10.97,tsang50,"(1.0, 2.5, 10)"
8,18,0,0,1,1425.684,0.0,10.95,tsang50,"(1.0, 2.5, 10)"
8,19,0,0,0,828.996,0.0,10.965,tsang50,"(1.0, 2.5, 10)"
8,19,0,0,1,1282.406,0.0,10.953,tsang50,"(1.0, 2.5, 10)"
8,2,0,0,0,632.134,0.0,10.682,tsang50,"(1.0, 2.5, 10)"
8,2,0,0,1,920.771,0.0,10.971,tsang50,"(1.0, 2.5, 10)"
8,3,0,0,0,673.895,0.0,8.503,tsang50,"(1.0, 2.5, 10)"
8,3,0,0,1,1056.238,0.0,10.988,tsang50,"(1.0, 2.5, 10)"
8,4,0,0,0,844.833,0.0,7.972,tsang50,"(1.0, 2.5, 10)"
8,4,0,0,1,1439.835,0.0,10.868,tsang50,"(1.0, 2.5, 10)"
8,5,0,0,0,838.152,0.0,11.227,tsang50,"(1.0, 2.5, 10)"
8,5,0,0,1,1279.194,0.0,11.318,tsang50,"(1.0, 2.5, 10)"
8,6,0,0,0,789.898,0.0,10.926,tsang50,"(1.0, 2.5, 10)"
8,6,0,0,1,1318.227,0.0,10.916,tsang50,"(1.0, 2.5, 10)"
8,7,0,0,0,804.691,0.0,10.936,tsang50,"(1.0, 2.5, 10)"
8,7,0,0,1,1348.589,0.0,10.84,tsang50,"(1.0, 2.5, 10)"
8,8,0,0,0,663.67,0.0,7.068,tsang50,"(1.0, 2.5, 10)"
8,8,0,0,1,1034.116,0.0,11.023,tsang50,"(1.0, 2.5, 10)"
8,9,0,0,0,794.466,0.0,10.427,tsang50,"(1.0, 2.5, 10)"
8,9,0,0,1,1268.653,0.0,6.123,tsang50,"(1.0, 2.5, 10)"
10,0,0,0,0,1075.297,0.0,16.645,tsang50,"(2.0, 2.5, 10)"
10,0,0,0,1,1566.136,0.0,16.769,tsang50,"(2.0, 2.5, 10)"
10,1,0,0,0,1222.354,0.0,16.77,tsang50,"(2.0, 2.5, 10)"
10,1,0,0,1,1887.511,0.0,16.683,tsang50,"(2.0, 2.5, 10)"
10,10,0,0,0,1287.105,0.0,16.638,tsang50,"(2.0, 2.5, 10)"
10,10,0,0,1,1974.493,0.0,16.62,tsang50,"(2.0, 2.5, 10)"
10,11,0,0,0,1206.388,0.0,16.657,tsang50,"(2.0, 2.5, 10)"
10,11,0,0,1,1770.674,0.0,16.592,tsang50,"(2.0, 2.5, 10)"
10,12,0,0,0,1128.285,0.0,16.825,tsang50,"(2.0, 2.5, 10)"
10,12,0,0,1,1564.266,0.0,16.56,tsang50,"(2.0, 2.5, 10)"
10,13,0,0,0,1150.78,0.0,16.727,tsang50,"(2.0, 2.5, 10)"
10,13,0,0,1,1683.053,0.0,16.548,tsang50,"(2.0, 2.5, 10)"
10,14,0,0,0,1110.895,0.0,16.619,tsang50,"(2.0, 2.5, 10)"
10,14,0,0,1,1729.097,0.0,16.531,tsang50,"(2.0, 2.5, 10)"
10,15,0,0,0,1079.444,0.0,16.589,tsang50,"(2.0, 2.5, 10)"
10,15,0,0,1,1718.949,0.0,16.466,tsang50,"(2.0, 2.5, 10)"
10,16,0,0,0,1031.533,0.0,16.728,tsang50,"(2.0, 2.5, 10)"
10,16,0,0,1,1601.001,0.0,16.645,tsang50,"(2.0, 2.5, 10)"
10,17,0,0,0,1111.177,0.0,16.954,tsang50,"(2.0, 2.5, 10)"
10,17,0,0,1,1717.539,0.0,16.567,tsang50,"(2.0, 2.5, 10)"
10,18,0,0,0,1148.447,0.0,16.654,tsang50,"(2.0, 2.5, 10)"
10,18,0,0,1,1655.937,0.0,16.487,tsang50,"(2.0, 2.5, 10)"
10,19,0,0,0,1193.731,0.0,16.652,tsang50,"(2.0, 2.5, 10)"
10,19,0,0,1,1682.634,0.0,16.447,tsang50,"(2.0, 2.5, 10)"
10,2,0,0,0,1201.857,0.0,16.565,tsang50,"(2.0, 2.5, 10)"
10,2,0,0,1,1774.004,0.0,16.491,tsang50,"(2.0, 2.5, 10)"
10,3,0,0,0,949.678,0.0,16.932,tsang50,"(2.0, 2.5, 10)"
10,3,0,0,1,1446.16,0.0,16.588,tsang50,"(2.0, 2.5, 10)"
10,4,0,0,0,1324.989,0.0,16.615,tsang50,"(2.0, 2.5, 10)"
10,4,0,0,1,2129.14,0.0,16.546,tsang50,"(2.0, 2.5, 10)"
10,5,0,0,0,1061.652,0.0,17.211,tsang50,"(2.0, 2.5, 10)"
10,5,0,0,1,1611.3,0.0,16.792,tsang50,"(2.0, 2.5, 10)"
10,6,0,0,0,1238.087,0.0,16.631,tsang50,"(2.0, 2.5, 10)"
10,6,0,0,1,1906.423,0.0,16.485,tsang50,"(2.0, 2.5, 10)"
10,7,0,0,0,1150.924,0.0,16.51,tsang50,"(2.0, 2.5, 10)"
10,7,0,0,1,1743.662,0.0,16.421,tsang50,"(2.0, 2.5, 10)"
10,8,0,0,0,1177.299,0.0,16.684,tsang50,"(2.0, 2.5, 10)"
10,8,0,0,1,1925.441,0.0,16.457,tsang50,"(2.0, 2.5, 10)"
10,9,0,0,0,1169.78,0.0,17.282,tsang50,"(2.0, 2.5, 10)"
10,9,0,0,1,1722.406,0.0,16.862,tsang50,"(2.0, 2.5, 10)"
15,0,0,0,0,1903.857,0.0,37.034,tsang50,"(2.0, 2.5, 10)"
15,0,0,0,1,2872.322,0.0,36.2,tsang50,"(2.0, 2.5, 10)"
15,1,0,0,0,1811.978,0.0,36.616,tsang50,"(2.0, 2.5, 10)"
15,1,0,0,1,2835.657,0.0,34.926,tsang50,"(2.0, 2.5, 10)"
15,10,0,0,0,1663.322,0.0,36.058,tsang50,"(2.0, 2.5, 10)"
15,10,0,0,1,2769.622,0.0,35.33,tsang50,"(2.0, 2.5, 10)"
15,11,0,0,0,1924.518,0.0,36.189,tsang50,"(2.0, 2.5, 10)"
15,11,0,0,1,2787.974,0.0,35.368,tsang50,"(2.0, 2.5, 10)"
15,12,0,0,0,1909.215,0.0,36.498,tsang50,"(2.0, 2.5, 10)"
15,12,0,0,1,2786.051,0.0,35.211,tsang50,"(2.0, 2.5, 10)"
15,13,0,0,0,1917.531,0.0,35.956,tsang50,"(2.0, 2.5, 10)"
15,13,0,0,1,2930.314,0.0,35.144,tsang50,"(2.0, 2.5, 10)"
15,14,0,0,0,1793.656,0.0,35.629,tsang50,"(2.0, 2.5, 10)"
15,14,0,0,1,2934.67,0.0,35.001,tsang50,"(2.0, 2.5, 10)"
15,15,0,0,0,2073.774,0.0,36.606,tsang50,"(2.0, 2.5, 10)"
15,15,0,0,1,2925.345,0.0,35.155,tsang50,"(2.0, 2.5, 10)"
15,16,0,0,0,2061.028,0.0,35.454,tsang50,"(2.0, 2.5, 10)"
15,16,0,0,1,2835.913,0.0,35.095,tsang50,"(2.0, 2.5, 10)"
15,17,0,0,0,1837.65,0.0,38.616,tsang50,"(2.0, 2.5, 10)"
15,17,0,0,1,2562.967,0.0,35.35,tsang50,"(2.0, 2.5, 10)"
15,18,0,0,0,1937.08,0.0,36.096,tsang50,"(2.0, 2.5, 10)"
15,18,0,0,1,3026.489,0.0,35.105,tsang50,"(2.0, 2.5, 10)"
15,19,0,0,0,1883.014,0.0,35.851,tsang50,"(2.0, 2.5, 10)"
15,19,0,0,1,2872.781,0.0,35.2,tsang50,"(2.0, 2.5, 10)"
15,2,0,0,0,1622.094,0.0,36.203,tsang50,"(2.0, 2.5, 10)"
15,2,0,0,1,2399.19,0.0,35.236,tsang50,"(2.0, 2.5, 10)"
15,3,0,0,0,1453.395,0.0,36.033,tsang50,"(2.0, 2.5, 10)"
15,3,0,0,1,2351.484,0.0,35.655,tsang50,"(2.0, 2.5, 10)"
15,4,0,0,0,2220.006,0.0,35.559,tsang50,"(2.0, 2.5, 10)"
15,4,0,0,1,3422.308,0.0,35.006,tsang50,"(2.0, 2.5, 10)"
15,5,0,0,0,1922.821,0.0,39.704,tsang50,"(2.0, 2.5, 10)"
15,5,0,0,1,2604.778,0.0,36.595,tsang50,"(2.0, 2.5, 10)"
15,6,0,0,0,1933.382,0.0,36.067,tsang50,"(2.0, 2.5, 10)"
15,6,0,0,1,2924.543,0.0,35.337,tsang50,"(2.0, 2.5, 10)"
15,7,0,0,0,1979.031,0.0,36.176,tsang50,"(2.0, 2.5, 10)"
15,7,0,0,1,3034.131,0.0,34.913,tsang50,"(2.0, 2.5, 10)"
15,8,0,0,0,1767.018,0.0,36.75,tsang50,"(2.0, 2.5, 10)"
15,8,0,0,1,2555.868,0.0,35.569,tsang50,"(2.0, 2.5, 10)"
15,9,0,0,0,2218.378,0.0,35.809,tsang50,"(2.0, 2.5, 10)"
15,9,0,0,1,3217.497,0.0,34.824,tsang50,"(2.0, 2.5, 10)"
6,0,0,0,0,634.77,0.0,1.136,tsang50,"(2.0, 2.5, 10)"
6,0,0,0,1,822.931,0.0,1.183,tsang50,"(2.0, 2.5, 10)"
6,1,0,0,0,850.989,0.0,1.15,tsang50,"(2.0, 2.5, 10)"
6,1,0,0,1,1205.616,0.0,1.167,tsang50,"(2.0, 2.5, 10)"
6,10,0,0,0,752.697,0.0,1.367,tsang50,"(2.0, 2.5, 10)"
6,10,0,0,1,1061.702,0.0,1.123,tsang50,"(2.0, 2.5, 10)"
6,11,0,0,0,719.242,0.0,1.293,tsang50,"(2.0, 2.5, 10)"
6,11,0,0,1,1037.327,0.0,1.345,tsang50,"(2.0, 2.5, 10)"
6,12,0,0,0,739.482,0.0,1.201,tsang50,"(2.0, 2.5, 10)"
6,12,0,0,1,928.989,0.0,1.117,tsang50,"(2.0, 2.5, 10)"
6,13,0,0,0,913.993,0.0,1.075,tsang50,"(2.0, 2.5, 10)"
6,13,0,0,1,1340.632,0.0,1.304,tsang50,"(2.0, 2.5, 10)"
6,14,0,0,0,718.57,0.0,1.187,tsang50,"(2.0, 2.5, 10)"
6,14,0,0,1,1031.117,0.0,1.12,tsang50,"(2.0, 2.5, 10)"
6,15,0,0,0,753.495,0.0,1.215,tsang50,"(2.0, 2.5, 10)"
6,15,0,0,1,1149.764,0.0,1.168,tsang50,"(2.0, 2.5, 10)"
6,16,0,0,0,756.268,0.0,1.192,tsang50,"(2.0, 2.5, 10)"
6,16,0,0,1,1018.618,0.0,1.126,tsang50,"(2.0, 2.5, 10)"
6,17,0,0,0,602.088,0.0,1.179,tsang50,"(2.0, 2.5, 10)"
6,17,0,0,1,807.324,0.0,1.257,tsang50,"(2.0, 2.5, 10)"
6,18,0,0,0,817.701,0.0,1.271,tsang50,"(2.0, 2.5, 10)"
6,18,0,0,1,1270.984,0.0,1.269,tsang50,"(2.0, 2.5, 10)"
6,19,0,0,0,779.92,0.0,1.304,tsang50,"(2.0, 2.5, 10)"
6,19,0,0,1,1057.539,0.0,1.257,tsang50,"(2.0, 2.5, 10)"
6,2,0,0,0,658.45,0.0,1.199,tsang50,"(2.0, 2.5, 10)"
6,2,0,0,1,928.37,0.0,1.321,tsang50,"(2.0, 2.5, 10)"
6,3,0,0,0,701.942,0.0,1.518,tsang50,"(2.0, 2.5, 10)"
6,3,0,0,1,968.334,0.0,1.402,tsang50,"(2.0, 2.5, 10)"
6,4,0,0,0,871.711,0.0,1.214,tsang50,"(2.0, 2.5, 10)"
6,4,0,0,1,1268.854,0.0,1.088,tsang50,"(2.0, 2.5, 10)"
6,5,0,0,0,805.297,0.0,1.344,tsang50,"(2.0, 2.5, 10)"
6,5,0,0,1,1125.695,0.0,1.209,tsang50,"(2.0, 2.5, 10)"
6,6,0,0,0,786.551,0.0,1.253,tsang50,"(2.0, 2.5, 10)"
6,6,0,0,1,1115.824,0.0,1.3,tsang50,"(2.0, 2.5, 10)"
6,7,0,0,0,876.633,0.0,1.202,tsang50,"(2.0, 2.5, 10)"
6,7,0,0,1,1336.128,0.0,1.202,tsang50,"(2.0, 2.5, 10)"
6,8,0,0,0,674.071,0.0,1.186,tsang50,"(2.0, 2.5, 10)"
6,8,0,0,1,887.848,0.0,1.159,tsang50,"(2.0, 2.5, 10)"
6,9,0,0,0,747.152,0.0,1.174,tsang50,"(2.0, 2.5, 10)"
6,9,0,0,1,1076.692,0.0,1.107,tsang50,"(2.0, 2.5, 10)"
8,0,0,0,0,852.097,0.0,9.914,tsang50,"(2.0, 2.5, 10)"
8,0,0,0,1,1149.717,0.0,6.539,tsang50,"(2.0, 2.5, 10)"
8,1,0,0,0,882.577,0.0,6.847,tsang50,"(2.0, 2.5, 10)"
8,1,0,0,1,1379.357,0.0,8.95,tsang50,"(2.0, 2.5, 10)"
8,10,0,0,0,897.515,0.0,10.32,tsang50,"(2.0, 2.5, 10)"
8,10,0,0,1,1350.9,0.0,10.0,tsang50,"(2.0, 2.5, 10)"
8,11,0,0,0,958.729,0.0,10.871,tsang50,"(2.0, 2.5, 10)"
8,11,0,0,1,1341.84,0.0,10.808,tsang50,"(2.0, 2.5, 10)"
8,12,0,0,0,915.239,0.0,10.596,tsang50,"(2.0, 2.5, 10)"
8,12,0,0,1,1253.564,0.0,7.375,tsang50,"(2.0, 2.5, 10)"
8,13,0,0,0,1083.953,0.0,7.575,tsang50,"(2.0, 2.5, 10)"
8,13,0,0,1,1639.013,0.0,10.601,tsang50,"(2.0, 2.5, 10)"
8,14,0,0,0,761.887,0.0,11.003,tsang50,"(2.0, 2.5, 10)"
8,14,0,0,1,1163.899,0.0,10.798,tsang50,"(2.0, 2.5, 10)"
8,15,0,0,0,909.677,0.0,8.946,tsang50,"(2.0, 2.5, 10)"
8,15,0,0,1,1396.82,0.0,10.972,tsang50,"(2.0, 2.5, 10)"
8,16,0,0,0,959.588,0.0,8.962,tsang50,"(2.0, 2.5, 10)"
8,16,0,0,1,1346.002,0.0,10.939,tsang50,"(2.0, 2.5, 10)"
8,17,0,0,0,932.356,0.0,8.868,tsang50,"(2.0, 2.5, 10)"
8,17,0,0,1,1370.936,0.0,9.93,tsang50,"(2.0, 2.5, 10)"
8,18,0,0,0,1050.0,0.0,10.893,tsang50,"(2.0, 2.5, 10)"
8,18,0,0,1,1610.377,0.0,11.029,tsang50,"(2.0, 2.5, 10)"
8,19,0,0,0,1064.53,0.0,10.958,tsang50,"(2.0, 2.5, 10)"
8,19,0,0,1,1410.1,0.0,10.995,tsang50,"(2.0, 2.5, 10)"
8,2,0,0,0,807.682,0.0,10.95,tsang50,"(2.0, 2.5, 10)"
8,2,0,0,1,1090.588,0.0,10.991,tsang50,"(2.0, 2.5, 10)"
8,3,0,0,0,824.162,0.0,8.501,tsang50,"(2.0, 2.5, 10)"
8,3,0,0,1,1221.14,0.0,10.325,tsang50,"(2.0, 2.5, 10)"
8,4,0,0,0,1003.292,0.0,9.023,tsang50,"(2.0, 2.5, 10)"
8,4,0,0,1,1620.789,0.0,10.795,tsang50,"(2.0, 2.5, 10)"
8,5,0,0,0,1009.035,0.0,11.161,tsang50,"(2.0, 2.5, 10)"
8,5,0,0,1,1474.254,0.0,11.021,tsang50,"(2.0, 2.5, 10)"
8,6,0,0,0,1026.58,0.0,10.829,tsang50,"(2.0, 2.5, 10)"
8,6,0,0,1,1413.971,0.0,10.806,tsang50,"(2.0, 2.5, 10)"
8,7,0,0,0,958.55,0.0,10.447,tsang50,"(2.0, 2.5, 10)"
8,7,0,0,1,1514.807,0.0,10.897,tsang50,"(2.0, 2.5, 10)"
8,8,0,0,0,798.352,0.0,6.312,tsang50,"(2.0, 2.5, 10)"
8,8,0,0,1,1238.134,0.0,10.888,tsang50,"(2.0, 2.5, 10)"
8,9,0,0,0,942.62,0.0,9.16,tsang50,"(2.0, 2.5, 10)"
8,9,0,0,1,1393.964,0.0,7.751,tsang50,"(2.0, 2.5, 10)"
10,0,0,0,0,870.123,0.0,27.551,tsang500,"(0.5, 2.5, 10)"
10,0,0,0,1,1381.189,0.0,27.693,tsang500,"(0.5, 2.5, 10)"
10,1,0,0,0,1093.004,0.0,28.206,tsang500,"(0.5, 2.5, 10)"
10,1,0,0,1,1748.941,0.0,27.419,tsang500,"(0.5, 2.5, 10)"
10,10,0,0,0,1157.37,0.0,27.39,tsang500,"(0.5, 2.5, 10)"
10,10,0,0,1,1716.316,0.0,27.101,tsang500,"(0.5, 2.5, 10)"
10,11,0,0,0,1021.024,0.0,27.379,tsang500,"(0.5, 2.5, 10)"
10,11,0,0,1,1526.949,0.0,27.065,tsang500,"(0.5, 2.5, 10)"
10,12,0,0,0,927.078,0.0,27.843,tsang500,"(0.5, 2.5, 10)"
10,12,0,0,1,1425.076,0.0,27.731,tsang500,"(0.5, 2.5, 10)"
10,13,0,0,0,955.027,0.0,27.915,tsang500,"(0.5, 2.5, 10)"
10,13,0,0,1,1328.769,0.0,27.632,tsang500,"(0.5, 2.5, 10)"
10,14,0,0,0,893.101,0.0,27.827,tsang500,"(0.5, 2.5, 10)"
10,14,0,0,1,1504.979,0.0,27.615,tsang500,"(0.5, 2.5, 10)"
10,15,0,0,0,938.309,0.0,27.953,tsang500,"(0.5, 2.5, 10)"
10,15,0,0,1,1494.103,0.0,27.75,tsang500,"(0.5, 2.5, 10)"
10,16,0,0,0,1025.092,0.0,27.615,tsang500,"(0.5, 2.5, 10)"
10,16,0,0,1,1555.061,0.0,27.417,tsang500,"(0.5, 2.5, 10)"
10,17,0,0,0,921.557,0.0,27.694,tsang500,"(0.5, 2.5, 10)"
10,17,0,0,1,1516.966,0.0,27.349,tsang500,"(0.5, 2.5, 10)"
10,18,0,0,0,909.249,0.0,26.861,tsang500,"(0.5, 2.5, 10)"
10,18,0,0,1,1397.671,0.0,26.596,tsang500,"(0.5, 2.5, 10)"
10,19,0,0,0,960.648,0.0,27.535,tsang500,"(0.5, 2.5, 10)"
10,19,0,0,1,1508.843,0.0,27.241,tsang500,"(0.5, 2.5, 10)"
10,2,0,0,0,862.261,0.0,28.038,tsang500,"(0.5, 2.5, 10)"
10,2,0,0,1,1415.453,0.0,27.774,tsang500,"(0.5, 2.5, 10)"
10,3,0,0,0,757.226,0.0,27.661,tsang500,"(0.5, 2.5, 10)"
10,3,0,0,1,1311.228,0.0,27.611,tsang500,"(0.5, 2.5, 10)"
10,4,0,0,0,1120.528,0.0,26.826,tsang500,"(0.5, 2.5, 10)"
10,4,0,0,1,1983.107,0.0,26.741,tsang500,"(0.5, 2.5, 10)"
10,5,0,0,0,970.153,0.0,27.425,tsang500,"(0.5, 2.5, 10)"
10,5,0,0,1,1345.834,0.0,27.337,tsang500,"(0.5, 2.5, 10)"
10,6,0,0,0,996.59,0.0,27.709,tsang500,"(0.5, 2.5, 10)"
10,6,0,0,1,1648.23,0.0,27.532,tsang500,"(0.5, 2.5, 10)"
10,7,0,0,0,959.83,0.0,28.056,tsang500,"(0.5, 2.5, 10)"
10,7,0,0,1,1608.434,0.0,27.963,tsang500,"(0.5, 2.5, 10)"
10,8,0,0,0,1064.364,0.0,27.785,tsang500,"(0.5, 2.5, 10)"
10,8,0,0,1,1714.193,0.0,27.71,tsang500,"(0.5, 2.5, 10)"
10,9,0,0,0,949.885,0.0,28.915,tsang500,"(0.5, 2.5, 10)"
10,9,0,0,1,1620.344,0.0,28.279,tsang500,"(0.5, 2.5, 10)"
15,0,0,0,0,1493.46,0.0,75.151,tsang500,"(0.5, 2.5, 10)"
15,0,0,0,1,2402.974,0.0,74.855,tsang500,"(0.5, 2.5, 10)"
15,1,0,0,0,1467.268,0.0,74.608,tsang500,"(0.5, 2.5, 10)"
15,1,0,0,1,2470.433,0.0,74.51,tsang500,"(0.5, 2.5, 10)"
15,10,0,0,0,1507.488,0.0,73.011,tsang500,"(0.5, 2.5, 10)"
15,10,0,0,1,2304.896,0.0,72.603,tsang500,"(0.5, 2.5, 10)"
15,11,0,0,0,1447.56,0.0,74.205,tsang500,"(0.5, 2.5, 10)"
15,11,0,0,1,2288.987,0.0,73.593,tsang500,"(0.5, 2.5, 10)"
15,12,0,0,0,1443.67,0.0,75.522,tsang500,"(0.5, 2.5, 10)"
15,12,0,0,1,2236.127,0.0,74.472,tsang500,"(0.5, 2.5, 10)"
15,13,0,0,0,1470.105,0.0,73.989,tsang500,"(0.5, 2.5, 10)"
15,13,0,0,1,2336.739,0.0,72.774,tsang500,"(0.5, 2.5, 10)"
15,14,0,0,0,1506.048,0.0,72.704,tsang500,"(0.5, 2.5, 10)"
15,14,0,0,1,2428.326,0.0,72.266,tsang500,"(0.5, 2.5, 10)"
15,15,0,0,0,1517.07,0.0,74.246,tsang500,"(0.5, 2.5, 10)"
15,15,0,0,1,2191.519,0.0,73.437,tsang500,"(0.5, 2.5, 10)"
15,16,0,0,0,1578.16,0.0,74.042,tsang500,"(0.5, 2.5, 10)"
15,16,0,0,1,2374.221,0.0,73.069,tsang500,"(0.5, 2.5, 10)"
15,17,0,0,0,1354.724,0.0,76.357,tsang500,"(0.5, 2.5, 10)"
15,17,0,0,1,2118.078,0.0,73.723,tsang500,"(0.5, 2.5, 10)"
15,18,0,0,0,1508.267,0.0,74.752,tsang500,"(0.5, 2.5, 10)"
15,18,0,0,1,2530.247,0.0,74.065,tsang500,"(0.5, 2.5, 10)"
15,19,0,0,0,1622.24,0.0,73.429,tsang500,"(0.5, 2.5, 10)"
15,19,0,0,1,2435.54,0.0,73.103,tsang500,"(0.5, 2.5, 10)"
15,2,0,0,0,1238.68,0.0,74.813,tsang500,"(0.5, 2.5, 10)"
15,2,0,0,1,2043.841,0.0,73.043,tsang500,"(0.5, 2.5, 10)"
15,3,0,0,0,1345.159,0.0,74.275,tsang500,"(0.5, 2.5, 10)"
15,3,0,0,1,2043.783,0.0,73.193,tsang500,"(0.5, 2.5, 10)"
15,4,0,0,0,1757.31,0.0,73.396,tsang500,"(0.5, 2.5, 10)"
15,4,0,0,1,2580.601,0.0,72.781,tsang500,"(0.5, 2.5, 10)"
15,5,0,0,0,1522.362,0.0,73.625,tsang500,"(0.5, 2.5, 10)"
15,5,0,0,1,2307.712,0.0,74.364,tsang500,"(0.5, 2.5, 10)"
15,6,0,0,0,1513.918,0.0,74.232,tsang500,"(0.5, 2.5, 10)"
15,6,0,0,1,2331.181,0.0,72.442,tsang500,"(0.5, 2.5, 10)"
15,7,0,0,0,1478.354,0.0,74.379,tsang500,"(0.5, 2.5, 10)"
15,7,0,0,1,2387.398,0.0,72.475,tsang500,"(0.5, 2.5, 10)"
15,8,0,0,0,1400.639,0.0,74.036,tsang500,"(0.5, 2.5, 10)"
15,8,0,0,1,2133.478,0.0,73.007,tsang500,"(0.5, 2.5, 10)"
15,9,0,0,0,1649.189,0.0,77.38,tsang500,"(0.5, 2.5, 10)"
15,9,0,0,1,2676.77,0.0,73.132,tsang500,"(0.5, 2.5, 10)"
6,0,0,0,0,395.078,0.0,7.495,tsang500,"(0.5, 2.5, 10)"
6,0,0,0,1,625.864,0.0,7.924,tsang500,"(0.5, 2.5, 10)"
6,1,0,0,0,492.744,0.0,7.92,tsang500,"(0.5, 2.5, 10)"
6,1,0,0,1,509.041,0.0,7.842,tsang500,"(0.5, 2.5, 10)"
6,10,0,0,0,412.241,0.0,7.924,tsang500,"(0.5, 2.5, 10)"
6,10,0,0,1,1010.432,0.0,8.005,tsang500,"(0.5, 2.5, 10)"
6,11,0,0,0,550.895,0.0,7.983,tsang500,"(0.5, 2.5, 10)"
6,11,0,0,1,801.917,0.0,8.024,tsang500,"(0.5, 2.5, 10)"
6,12,0,0,0,505.71,0.0,7.923,tsang500,"(0.5, 2.5, 10)"
6,12,0,0,1,952.371,0.0,7.99,tsang500,"(0.5, 2.5, 10)"
6,13,0,0,0,658.464,0.0,7.972,tsang500,"(0.5, 2.5, 10)"
6,13,0,0,1,1107.401,0.0,8.047,tsang500,"(0.5, 2.5, 10)"
6,14,0,0,0,554.971,0.0,7.952,tsang500,"(0.5, 2.5, 10)"
6,14,0,0,1,907.199,0.0,7.97,tsang500,"(0.5, 2.5, 10)"
6,15,0,0,0,544.01,0.0,7.921,tsang500,"(0.5, 2.5, 10)"
6,15,0,0,1,827.562,0.0,8.099,tsang500,"(0.5, 2.5, 10)"
6,16,0,0,0,578.858,0.0,8.043,tsang500,"(0.5, 2.5, 10)"
6,16,0,0,1,847.551,0.0,8.003,tsang500,"(0.5, 2.5, 10)"
6,17,0,0,0,409.465,0.0,7.915,tsang500,"(0.5, 2.5, 10)"
6,17,0,0,1,601.884,0.0,8.001,tsang500,"(0.5, 2.5, 10)"
6,18,0,0,0,636.028,0.0,7.926,tsang500,"(0.5, 2.5, 10)"
6,18,0,0,1,911.908,0.0,7.982,tsang500,"(0.5, 2.5, 10)"
6,19,0,0,0,416.813,0.0,7.927,tsang500,"(0.5, 2.5, 10)"
6,19,0,0,1,775.337,0.0,8.045,tsang500,"(0.5, 2.5, 10)"
6,2,0,0,0,470.657,0.0,7.954,tsang500,"(0.5, 2.5, 10)"
6,2,0,0,1,719.946,0.0,7.925,tsang500,"(0.5, 2.5, 10)"
6,3,0,0,0,496.316,0.0,7.907,tsang500,"(0.5, 2.5, 10)"
6,3,0,0,1,848.588,0.0,7.947,tsang500,"(0.5, 2.5, 10)"
6,4,0,0,0,652.664,0.0,7.914,tsang500,"(0.5, 2.5, 10)"
6,4,0,0,1,871.698,0.0,7.888,tsang500,"(0.5, 2.5, 10)"
6,5,0,0,0,548.818,0.0,7.89,tsang500,"(0.5, 2.5, 10)"
6,5,0,0,1,884.373,0.0,8.01,tsang500,"(0.5, 2.5, 10)"
6,6,0,0,0,564.11,0.0,7.923,tsang500,"(0.5, 2.5, 10)"
6,6,0,0,1,865.594,0.0,7.887,tsang500,"(0.5, 2.5, 10)"
6,7,0,0,0,617.614,0.0,7.875,tsang500,"(0.5, 2.5, 10)"
6,7,0,0,1,988.112,0.0,7.921,tsang500,"(0.5, 2.5, 10)"
6,8,0,0,0,492.776,0.0,7.865,tsang500,"(0.5, 2.5, 10)"
6,8,0,0,1,690.223,0.0,7.916,tsang500,"(0.5, 2.5, 10)"
6,9,0,0,0,520.255,0.0,7.898,tsang500,"(0.5, 2.5, 10)"
6,9,0,0,1,549.814,0.0,7.876,tsang500,"(0.5, 2.5, 10)"
8,0,0,0,0,507.556,0.0,16.843,tsang500,"(0.5, 2.5, 10)"
8,0,0,0,1,1062.385,0.0,16.754,tsang500,"(0.5, 2.5, 10)"
8,1,0,0,0,705.987,0.0,17.521,tsang500,"(0.5, 2.5, 10)"
8,1,0,0,1,1100.585,0.0,17.094,tsang500,"(0.5, 2.5, 10)"
8,10,0,0,0,728.963,0.0,17.607,tsang500,"(0.5, 2.5, 10)"
8,10,0,0,1,1180.717,0.0,16.732,tsang500,"(0.5, 2.5, 10)"
8,11,0,0,0,663.117,0.0,16.771,tsang500,"(0.5, 2.5, 10)"
8,11,0,0,1,1114.972,0.0,16.566,tsang500,"(0.5, 2.5, 10)"
8,12,0,0,0,719.176,0.0,17.14,tsang500,"(0.5, 2.5, 10)"
8,12,0,0,1,1133.313,0.0,16.642,tsang500,"(0.5, 2.5, 10)"
8,13,0,0,0,884.772,0.0,16.983,tsang500,"(0.5, 2.5, 10)"
8,13,0,0,1,1402.194,0.0,16.449,tsang500,"(0.5, 2.5, 10)"
8,14,0,0,0,592.507,0.0,16.94,tsang500,"(0.5, 2.5, 10)"
8,14,0,0,1,962.825,0.0,16.615,tsang500,"(0.5, 2.5, 10)"
8,15,0,0,0,686.881,0.0,17.132,tsang500,"(0.5, 2.5, 10)"
8,15,0,0,1,1283.738,0.0,16.664,tsang500,"(0.5, 2.5, 10)"
8,16,0,0,0,800.444,0.0,16.972,tsang500,"(0.5, 2.5, 10)"
8,16,0,0,1,1160.02,0.0,16.624,tsang500,"(0.5, 2.5, 10)"
8,17,0,0,0,713.613,0.0,17.076,tsang500,"(0.5, 2.5, 10)"
8,17,0,0,1,1126.377,0.0,16.54,tsang500,"(0.5, 2.5, 10)"
8,18,0,0,0,792.881,0.0,16.744,tsang500,"(0.5, 2.5, 10)"
8,18,0,0,1,1246.888,0.0,16.424,tsang500,"(0.5, 2.5, 10)"
8,19,0,0,0,794.645,0.0,16.923,tsang500,"(0.5, 2.5, 10)"
8,19,0,0,1,1155.477,0.0,16.693,tsang500,"(0.5, 2.5, 10)"
8,2,0,0,0,585.688,0.0,16.674,tsang500,"(0.5, 2.5, 10)"
8,2,0,0,1,891.622,0.0,16.405,tsang500,"(0.5, 2.5, 10)"
8,3,0,0,0,630.971,0.0,16.721,tsang500,"(0.5, 2.5, 10)"
8,3,0,0,1,902.054,0.0,16.675,tsang500,"(0.5, 2.5, 10)"
8,4,0,0,0,788.963,0.0,16.333,tsang500,"(0.5, 2.5, 10)"
8,4,0,0,1,1022.467,0.0,16.204,tsang500,"(0.5, 2.5, 10)"
8,5,0,0,0,758.251,0.0,16.553,tsang500,"(0.5, 2.5, 10)"
8,5,0,0,1,1207.02,0.0,16.496,tsang500,"(0.5, 2.5, 10)"
8,6,0,0,0,723.655,0.0,16.587,tsang500,"(0.5, 2.5, 10)"
8,6,0,0,1,1095.643,0.0,16.417,tsang500,"(0.5, 2.5, 10)"
8,7,0,0,0,703.375,0.0,16.576,tsang500,"(0.5, 2.5, 10)"
8,7,0,0,1,1390.06,0.0,16.499,tsang500,"(0.5, 2.5, 10)"
8,8,0,0,0,653.129,0.0,16.431,tsang500,"(0.5, 2.5, 10)"
8,8,0,0,1,979.603,0.0,16.361,tsang500,"(0.5, 2.5, 10)"
8,9,0,0,0,763.283,0.0,16.934,tsang500,"(0.5, 2.5, 10)"
8,9,0,0,1,1249.887,0.0,16.786,tsang500,"(0.5, 2.5, 10)"
10,0,0,0,0,998.273,0.0,27.678,tsang500,"(1.0, 2.5, 10)"
10,0,0,0,1,1520.658,0.0,27.784,tsang500,"(1.0, 2.5, 10)"
10,1,0,0,0,1241.414,0.0,28.274,tsang500,"(1.0, 2.5, 10)"
10,1,0,0,1,1884.365,0.0,27.605,tsang500,"(1.0, 2.5, 10)"
10,10,0,0,0,1317.324,0.0,27.363,tsang500,"(1.0, 2.5, 10)"
10,10,0,0,1,1868.323,0.0,26.94,tsang500,"(1.0, 2.5, 10)"
10,11,0,0,0,1183.004,0.0,27.895,tsang500,"(1.0, 2.5, 10)"
10,11,0,0,1,1654.412,0.0,27.669,tsang500,"(1.0, 2.5, 10)"
10,12,0,0,0,1083.396,0.0,26.977,tsang500,"(1.0, 2.5, 10)"
10,12,0,0,1,1617.851,0.0,26.721,tsang500,"(1.0, 2.5, 10)"
10,13,0,0,0,1133.059,0.0,28.564,tsang500,"(1.0, 2.5, 10)"
10,13,0,0,1,1479.089,0.0,28.219,tsang500,"(1.0, 2.5, 10)"
10,14,0,0,0,1081.054,0.0,27.923,tsang500,"(1.0, 2.5, 10)"
10,14,0,0,1,1711.917,0.0,27.806,tsang500,"(1.0, 2.5, 10)"
10,15,0,0,0,1097.191,0.0,27.611,tsang500,"(1.0, 2.5, 10)"
10,15,0,0,1,1661.116,0.0,27.402,tsang500,"(1.0, 2.5, 10)"
10,16,0,0,0,1193.969,0.0,27.336,tsang500,"(1.0, 2.5, 10)"
10,16,0,0,1,1709.721,0.0,27.023,tsang500,"(1.0, 2.5, 10)"
10,17,0,0,0,1069.058,0.0,27.279,tsang500,"(1.0, 2.5, 10)"
10,17,0,0,1,1677.431,0.0,27.01,tsang500,"(1.0, 2.5, 10)"
10,18,0,0,0,1055.832,0.0,27.693,tsang500,"(1.0, 2.5, 10)"
10,18,0,0,1,1524.797,0.0,27.537,tsang500,"(1.0, 2.5, 10)"
10,19,0,0,0,1134.872,0.0,27.978,tsang500,"(1.0, 2.5, 10)"
10,19,0,0,1,1693.627,0.0,27.574,tsang500,"(1.0, 2.5, 10)"
10,2,0,0,0,980.64,0.0,27.217,tsang500,"(1.0, 2.5, 10)"
10,2,0,0,1,1542.12,0.0,27.054,tsang500,"(1.0, 2.5, 10)"
10,3,0,0,0,881.841,0.0,27.647,tsang500,"(1.0, 2.5, 10)"
10,3,0,0,1,1473.482,0.0,27.452,tsang500,"(1.0, 2.5, 10)"
10,4,0,0,0,1270.53,0.0,27.648,tsang500,"(1.0, 2.5, 10)"
10,4,0,0,1,2162.532,0.0,28.676,tsang500,"(1.0, 2.5, 10)"
10,5,0,0,0,1113.8,0.0,26.835,tsang500,"(1.0, 2.5, 10)"
10,5,0,0,1,1487.939,0.0,26.725,tsang500,"(1.0, 2.5, 10)"
10,6,0,0,0,1117.059,0.0,28.055,tsang500,"(1.0, 2.5, 10)"
10,6,0,0,1,1769.816,0.0,27.497,tsang500,"(1.0, 2.5, 10)"
10,7,0,0,0,1106.687,0.0,27.826,tsang500,"(1.0, 2.5, 10)"
10,7,0,0,1,1771.955,0.0,27.55,tsang500,"(1.0, 2.5, 10)"
10,8,0,0,0,1226.601,0.0,28.321,tsang500,"(1.0, 2.5, 10)"
10,8,0,0,1,1847.872,0.0,28.13,tsang500,"(1.0, 2.5, 10)"
10,9,0,0,0,1053.541,0.0,28.764,tsang500,"(1.0, 2.5, 10)"
10,9,0,0,1,1736.723,0.0,28.131,tsang500,"(1.0, 2.5, 10)"
15,0,0,0,0,1700.587,0.0,74.001,tsang500,"(1.0, 2.5, 10)"
15,0,0,0,1,2546.384,0.0,73.598,tsang500,"(1.0, 2.5, 10)"
15,1,0,0,0,1636.098,0.0,75.159,tsang500,"(1.0, 2.5, 10)"
15,1,0,0,1,2563.673,0.0,74.104,tsang500,"(1.0, 2.5, 10)"
15,10,0,0,0,1715.781,0.0,74.941,tsang500,"(1.0, 2.5, 10)"
15,10,0,0,1,2517.238,0.0,74.681,tsang500,"(1.0, 2.5, 10)"
15,11,0,0,0,1675.494,0.0,74.932,tsang500,"(1.0, 2.5, 10)"
15,11,0,0,1,2387.708,0.0,74.039,tsang500,"(1.0, 2.5, 10)"
15,12,0,0,0,1619.573,0.0,73.662,tsang500,"(1.0, 2.5, 10)"
15,12,0,0,1,2564.057,0.0,71.778,tsang500,"(1.0, 2.5, 10)"
15,13,0,0,0,1748.361,0.0,74.981,tsang500,"(1.0, 2.5, 10)"
15,13,0,0,1,2594.624,0.0,74.868,tsang500,"(1.0, 2.5, 10)"
15,14,0,0,0,1712.826,0.0,74.377,tsang500,"(1.0, 2.5, 10)"
15,14,0,0,1,2558.478,0.0,73.618,tsang500,"(1.0, 2.5, 10)"
15,15,0,0,0,1738.113,0.0,75.005,tsang500,"(1.0, 2.5, 10)"
15,15,0,0,1,2407.313,0.0,73.654,tsang500,"(1.0, 2.5, 10)"
15,16,0,0,0,1767.022,0.0,73.991,tsang500,"(1.0, 2.5, 10)"
15,16,0,0,1,2566.708,0.0,74.126,tsang500,"(1.0, 2.5, 10)"
15,17,0,0,0,1579.845,0.0,73.699,tsang500,"(1.0, 2.5, 10)"
15,17,0,0,1,2340.025,0.0,73.647,tsang500,"(1.0, 2.5, 10)"
15,18,0,0,0,1700.362,0.0,73.974,tsang500,"(1.0, 2.5, 10)"
15,18,0,0,1,2643.631,0.0,73.607,tsang500,"(1.0, 2.5, 10)"
15,19,0,0,0,1752.543,0.0,75.472,tsang500,"(1.0, 2.5, 10)"
15,19,0,0,1,2695.264,0.0,73.655,tsang500,"(1.0, 2.5, 10)"
15,2,0,0,0,1503.315,0.0,75.159,tsang500,"(1.0, 2.5, 10)"
15,2,0,0,1,2212.069,0.0,73.858,tsang500,"(1.0, 2.5, 10)"
15,3,0,0,0,1427.066,0.0,74.304,tsang500,"(1.0, 2.5, 10)"
15,3,0,0,1,2246.213,0.0,73.54,tsang500,"(1.0, 2.5, 10)"
15,4,0,0,0,1948.169,0.0,75.111,tsang500,"(1.0, 2.5, 10)"
15,4,0,0,1,2924.416,0.0,74.03,tsang500,"(1.0, 2.5, 10)"
15,5,0,0,0,1739.778,0.0,78.854,tsang500,"(1.0, 2.5, 10)"
15,5,0,0,1,2683.598,0.0,74.296,tsang500,"(1.0, 2.5, 10)"
15,6,0,0,0,1747.054,0.0,73.512,tsang500,"(1.0, 2.5, 10)"
15,6,0,0,1,2520.268,0.0,72.114,tsang500,"(1.0, 2.5, 10)"
15,7,0,0,0,1702.072,0.0,74.349,tsang500,"(1.0, 2.5, 10)"
15,7,0,0,1,2600.985,0.0,73.248,tsang500,"(1.0, 2.5, 10)"
15,8,0,0,0,1624.449,0.0,74.991,tsang500,"(1.0, 2.5, 10)"
15,8,0,0,1,2440.767,0.0,72.585,tsang500,"(1.0, 2.5, 10)"
15,9,0,0,0,1912.508,0.0,73.482,tsang500,"(1.0, 2.5, 10)"
15,9,0,0,1,2861.323,0.0,74.126,tsang500,"(1.0, 2.5, 10)"
6,0,0,0,0,460.767,0.0,7.541,tsang500,"(1.0, 2.5, 10)"
6,0,0,0,1,745.532,0.0,7.588,tsang500,"(1.0, 2.5, 10)"
6,1,0,0,0,624.226,0.0,7.792,tsang500,"(1.0, 2.5, 10)"
6,1,0,0,1,970.035,0.0,7.54,tsang500,"(1.0, 2.5, 10)"
6,10,0,0,0,597.82,0.0,7.827,tsang500,"(1.0, 2.5, 10)"
6,10,0,0,1,668.171,0.0,7.781,tsang500,"(1.0, 2.5, 10)"
6,11,0,0,0,628.229,0.0,7.771,tsang500,"(1.0, 2.5, 10)"
6,11,0,0,1,895.366,0.0,7.655,tsang500,"(1.0, 2.5, 10)"
6,12,0,0,0,663.415,0.0,7.94,tsang500,"(1.0, 2.5, 10)"
6,12,0,0,1,882.036,0.0,7.829,tsang500,"(1.0, 2.5, 10)"
6,13,0,0,0,754.797,0.0,7.616,tsang500,"(1.0, 2.5, 10)"
6,13,0,0,1,1213.347,0.0,7.472,tsang500,"(1.0, 2.5, 10)"
6,14,0,0,0,635.918,0.0,7.723,tsang500,"(1.0, 2.5, 10)"
6,14,0,0,1,989.582,0.0,7.609,tsang500,"(1.0, 2.5, 10)"
6,15,0,0,0,608.718,0.0,7.596,tsang500,"(1.0, 2.5, 10)"
6,15,0,0,1,933.809,0.0,7.435,tsang500,"(1.0, 2.5, 10)"
6,16,0,0,0,643.626,0.0,7.754,tsang500,"(1.0, 2.5, 10)"
6,16,0,0,1,939.945,0.0,7.596,tsang500,"(1.0, 2.5, 10)"
6,17,0,0,0,469.471,0.0,7.848,tsang500,"(1.0, 2.5, 10)"
6,17,0,0,1,660.371,0.0,7.808,tsang500,"(1.0, 2.5, 10)"
6,18,0,0,0,714.872,0.0,7.696,tsang500,"(1.0, 2.5, 10)"
6,18,0,0,1,717.029,0.0,7.554,tsang500,"(1.0, 2.5, 10)"
6,19,0,0,0,640.92,0.0,7.672,tsang500,"(1.0, 2.5, 10)"
6,19,0,0,1,883.765,0.0,7.585,tsang500,"(1.0, 2.5, 10)"
6,2,0,0,0,570.962,0.0,7.652,tsang500,"(1.0, 2.5, 10)"
6,2,0,0,1,811.098,0.0,7.623,tsang500,"(1.0, 2.5, 10)"
6,3,0,0,0,564.036,0.0,7.902,tsang500,"(1.0, 2.5, 10)"
6,3,0,0,1,833.506,0.0,7.876,tsang500,"(1.0, 2.5, 10)"
6,4,0,0,0,716.582,0.0,7.627,tsang500,"(1.0, 2.5, 10)"
6,4,0,0,1,1114.469,0.0,7.581,tsang500,"(1.0, 2.5, 10)"
6,5,0,0,0,633.7,0.0,7.571,tsang500,"(1.0, 2.5, 10)"
6,5,0,0,1,975.727,0.0,7.534,tsang500,"(1.0, 2.5, 10)"
6,6,0,0,0,650.767,0.0,7.428,tsang500,"(1.0, 2.5, 10)"
6,6,0,0,1,1006.915,0.0,7.444,tsang500,"(1.0, 2.5, 10)"
6,7,0,0,0,716.698,0.0,7.819,tsang500,"(1.0, 2.5, 10)"
6,7,0,0,1,1076.151,0.0,7.759,tsang500,"(1.0, 2.5, 10)"
6,8,0,0,0,516.111,0.0,7.782,tsang500,"(1.0, 2.5, 10)"
6,8,0,0,1,756.098,0.0,7.736,tsang500,"(1.0, 2.5, 10)"
6,9,0,0,0,601.356,0.0,7.669,tsang500,"(1.0, 2.5, 10)"
6,9,0,0,1,900.997,0.0,7.714,tsang500,"(1.0, 2.5, 10)"
8,0,0,0,0,801.917,0.0,16.399,tsang500,"(1.0, 2.5, 10)"
8,0,0,0,1,1134.546,0.0,16.325,tsang500,"(1.0, 2.5, 10)"
8,1,0,0,0,821.739,0.0,16.384,tsang500,"(1.0, 2.5, 10)"
8,1,0,0,1,1215.242,0.0,16.412,tsang500,"(1.0, 2.5, 10)"
8,10,0,0,0,855.034,0.0,16.255,tsang500,"(1.0, 2.5, 10)"
8,10,0,0,1,1177.449,0.0,16.214,tsang500,"(1.0, 2.5, 10)"
8,11,0,0,0,811.823,0.0,16.397,tsang500,"(1.0, 2.5, 10)"
8,11,0,0,1,1301.68,0.0,16.393,tsang500,"(1.0, 2.5, 10)"
8,12,0,0,0,859.962,0.0,16.611,tsang500,"(1.0, 2.5, 10)"
8,12,0,0,1,1277.686,0.0,16.495,tsang500,"(1.0, 2.5, 10)"
8,13,0,0,0,1028.058,0.0,16.413,tsang500,"(1.0, 2.5, 10)"
8,13,0,0,1,1416.143,0.0,16.34,tsang500,"(1.0, 2.5, 10)"
8,14,0,0,0,501.912,0.0,16.482,tsang500,"(1.0, 2.5, 10)"
8,14,0,0,1,1055.21,0.0,16.438,tsang500,"(1.0, 2.5, 10)"
8,15,0,0,0,788.754,0.0,16.79,tsang500,"(1.0, 2.5, 10)"
8,15,0,0,1,1275.567,0.0,16.726,tsang500,"(1.0, 2.5, 10)"
8,16,0,0,0,952.075,0.0,16.127,tsang500,"(1.0, 2.5, 10)"
8,16,0,0,1,1282.073,0.0,16.015,tsang500,"(1.0, 2.5, 10)"
8,17,0,0,0,816.205,0.0,16.351,tsang500,"(1.0, 2.5, 10)"
8,17,0,0,1,1218.361,0.0,16.292,tsang500,"(1.0, 2.5, 10)"
8,18,0,0,0,890.645,0.0,16.71,tsang500,"(1.0, 2.5, 10)"
8,18,0,0,1,1342.999,0.0,16.622,tsang500,"(1.0, 2.5, 10)"
8,19,0,0,0,930.938,0.0,16.275,tsang500,"(1.0, 2.5, 10)"
8,19,0,0,1,1191.348,0.0,16.254,tsang500,"(1.0, 2.5, 10)"
8,2,0,0,0,713.823,0.0,16.796,tsang500,"(1.0, 2.5, 10)"
8,2,0,0,1,1042.603,0.0,16.765,tsang500,"(1.0, 2.5, 10)"
8,3,0,0,0,709.031,0.0,16.753,tsang500,"(1.0, 2.5, 10)"
8,3,0,0,1,955.258,0.0,16.613,tsang500,"(1.0, 2.5, 10)"
8,4,0,0,0,891.494,0.0,16.558,tsang500,"(1.0, 2.5, 10)"
8,4,0,0,1,1339.166,0.0,16.475,tsang500,"(1.0, 2.5, 10)"
8,5,0,0,0,880.418,0.0,16.155,tsang500,"(1.0, 2.5, 10)"
8,5,0,0,1,1391.848,0.0,15.944,tsang500,"(1.0, 2.5, 10)"
8,6,0,0,0,837.747,0.0,16.853,tsang500,"(1.0, 2.5, 10)"
8,6,0,0,1,1287.98,0.0,16.706,tsang500,"(1.0, 2.5, 10)"
8,7,0,0,0,984.093,0.0,16.335,tsang500,"(1.0, 2.5, 10)"
8,7,0,0,1,1354.964,0.0,16.278,tsang500,"(1.0, 2.5, 10)"
8,8,0,0,0,751.216,0.0,16.198,tsang500,"(1.0, 2.5, 10)"
8,8,0,0,1,1104.763,0.0,16.161,tsang500,"(1.0, 2.5, 10)"
8,9,0,0,0,870.707,0.0,16.749,tsang500,"(1.0, 2.5, 10)"
8,9,0,0,1,1295.745,0.0,16.498,tsang500,"(1.0, 2.5, 10)"
10,0,0,0,0,1254.574,0.0,27.985,tsang500,"(2.0, 2.5, 10)"
10,0,0,0,1,1799.595,0.0,28.099,tsang500,"(2.0, 2.5, 10)"
10,1,0,0,0,1538.235,0.0,28.776,tsang500,"(2.0, 2.5, 10)"
10,1,0,0,1,2155.212,0.0,28.066,tsang500,"(2.0, 2.5, 10)"
10,10,0,0,0,1637.233,0.0,27.657,tsang500,"(2.0, 2.5, 10)"
10,10,0,0,1,2172.336,0.0,28.504,tsang500,"(2.0, 2.5, 10)"
10,11,0,0,0,1506.963,0.0,27.359,tsang500,"(2.0, 2.5, 10)"
10,11,0,0,1,1909.339,0.0,27.205,tsang500,"(2.0, 2.5, 10)"
10,12,0,0,0,1396.031,0.0,27.681,tsang500,"(2.0, 2.5, 10)"
10,12,0,0,1,2019.053,0.0,27.267,tsang500,"(2.0, 2.5, 10)"
10,13,0,0,0,1489.122,0.0,28.455,tsang500,"(2.0, 2.5, 10)"
10,13,0,0,1,1779.73,0.0,28.055,tsang500,"(2.0, 2.5, 10)"
10,14,0,0,0,1308.86,0.0,27.559,tsang500,"(2.0, 2.5, 10)"
10,14,0,0,1,1939.723,0.0,27.371,tsang500,"(2.0, 2.5, 10)"
10,15,0,0,0,1414.955,0.0,27.432,tsang500,"(2.0, 2.5, 10)"
10,15,0,0,1,1995.142,0.0,27.169,tsang500,"(2.0, 2.5, 10)"
10,16,0,0,0,1531.722,0.0,27.719,tsang500,"(2.0, 2.5, 10)"
10,16,0,0,1,2019.042,0.0,27.553,tsang500,"(2.0, 2.5, 10)"
10,17,0,0,0,1299.77,0.0,28.172,tsang500,"(2.0, 2.5, 10)"
10,17,0,0,1,1998.361,0.0,27.581,tsang500,"(2.0, 2.5, 10)"
10,18,0,0,0,1348.999,0.0,27.723,tsang500,"(2.0, 2.5, 10)"
10,18,0,0,1,1779.048,0.0,27.38,tsang500,"(2.0, 2.5, 10)"
10,19,0,0,0,1483.319,0.0,27.29,tsang500,"(2.0, 2.5, 10)"
10,19,0,0,1,1900.723,0.0,27.156,tsang500,"(2.0, 2.5, 10)"
10,2,0,0,0,1217.397,0.0,27.65,tsang500,"(2.0, 2.5, 10)"
10,2,0,0,1,1795.454,0.0,27.37,tsang500,"(2.0, 2.5, 10)"
10,3,0,0,0,1131.07,0.0,28.003,tsang500,"(2.0, 2.5, 10)"
10,3,0,0,1,1797.99,0.0,28.965,tsang500,"(2.0, 2.5, 10)"
10,4,0,0,0,1570.534,0.0,27.21,tsang500,"(2.0, 2.5, 10)"
10,4,0,0,1,2376.669,0.0,27.911,tsang500,"(2.0, 2.5, 10)"
10,5,0,0,0,1323.303,0.0,29.512,tsang500,"(2.0, 2.5, 10)"
10,5,0,0,1,1772.149,0.0,28.67,tsang500,"(2.0, 2.5, 10)"
10,6,0,0,0,1357.996,0.0,26.583,tsang500,"(2.0, 2.5, 10)"
10,6,0,0,1,2012.989,0.0,26.48,tsang500,"(2.0, 2.5, 10)"
10,7,0,0,0,1400.401,0.0,26.968,tsang500,"(2.0, 2.5, 10)"
10,7,0,0,1,2098.997,0.0,26.87,tsang500,"(2.0, 2.5, 10)"
10,8,0,0,0,1431.367,0.0,29.569,tsang500,"(2.0, 2.5, 10)"
10,8,0,0,1,1950.329,0.0,28.248,tsang500,"(2.0, 2.5, 10)"
10,9,0,0,0,1260.854,0.0,28.359,tsang500,"(2.0, 2.5, 10)"
10,9,0,0,1,1969.481,0.0,28.324,tsang500,"(2.0, 2.5, 10)"
15,0,0,0,0,2114.842,0.0,75.366,tsang500,"(2.0, 2.5, 10)"
15,0,0,0,1,2950.225,0.0,74.672,tsang500,"(2.0, 2.5, 10)"
15,1,0,0,0,1942.549,0.0,74.675,tsang500,"(2.0, 2.5, 10)"
15,1,0,0,1,2953.971,0.0,74.198,tsang500,"(2.0, 2.5, 10)"
15,10,0,0,0,2014.06,0.0,75.39,tsang500,"(2.0, 2.5, 10)"
15,10,0,0,1,3004.112,0.0,72.938,tsang500,"(2.0, 2.5, 10)"
15,11,0,0,0,2003.846,0.0,73.407,tsang500,"(2.0, 2.5, 10)"
15,11,0,0,1,2936.12,0.0,72.564,tsang500,"(2.0, 2.5, 10)"
15,12,0,0,0,2080.239,0.0,74.376,tsang500,"(2.0, 2.5, 10)"
15,12,0,0,1,2872.862,0.0,73.696,tsang500,"(2.0, 2.5, 10)"
15,13,0,0,0,2161.597,0.0,74.291,tsang500,"(2.0, 2.5, 10)"
15,13,0,0,1,3064.841,0.0,73.878,tsang500,"(2.0, 2.5, 10)"
15,14,0,0,0,2137.344,0.0,72.246,tsang500,"(2.0, 2.5, 10)"
15,14,0,0,1,2869.134,0.0,71.974,tsang500,"(2.0, 2.5, 10)"
15,15,0,0,0,2130.032,0.0,74.528,tsang500,"(2.0, 2.5, 10)"
15,15,0,0,1,2840.366,0.0,73.711,tsang500,"(2.0, 2.5, 10)"
15,16,0,0,0,2196.141,0.0,74.795,tsang500,"(2.0, 2.5, 10)"
15,16,0,0,1,3063.526,0.0,74.092,tsang500,"(2.0, 2.5, 10)"
15,17,0,0,0,1965.545,0.0,74.082,tsang500,"(2.0, 2.5, 10)"
15,17,0,0,1,2736.183,0.0,73.089,tsang500,"(2.0, 2.5, 10)"
15,18,0,0,0,2032.825,0.0,73.629,tsang500,"(2.0, 2.5, 10)"
15,18,0,0,1,2891.144,0.0,73.195,tsang500,"(2.0, 2.5, 10)"
15,19,0,0,0,2256.579,0.0,74.891,tsang500,"(2.0, 2.5, 10)"
15,19,0,0,1,3152.696,0.0,73.624,tsang500,"(2.0, 2.5, 10)"
15,2,0,0,0,1700.213,0.0,73.7,tsang500,"(2.0, 2.5, 10)"
15,2,0,0,1,2607.75,0.0,71.874,tsang500,"(2.0, 2.5, 10)"
15,3,0,0,0,1677.905,0.0,75.049,tsang500,"(2.0, 2.5, 10)"
15,3,0,0,1,2677.561,0.0,73.213,tsang500,"(2.0, 2.5, 10)"
15,4,0,0,0,2413.488,0.0,74.707,tsang500,"(2.0, 2.5, 10)"
15,4,0,0,1,3199.189,0.0,73.485,tsang500,"(2.0, 2.5, 10)"
15,5,0,0,0,2173.111,0.0,79.262,tsang500,"(2.0, 2.5, 10)"
15,5,0,0,1,2759.631,0.0,75.248,tsang500,"(2.0, 2.5, 10)"
15,6,0,0,0,2173.278,0.0,73.529,tsang500,"(2.0, 2.5, 10)"
15,6,0,0,1,2988.626,0.0,71.498,tsang500,"(2.0, 2.5, 10)"
15,7,0,0,0,2071.943,0.0,74.942,tsang500,"(2.0, 2.5, 10)"
15,7,0,0,1,2937.773,0.0,74.009,tsang500,"(2.0, 2.5, 10)"
15,8,0,0,0,1944.115,0.0,75.555,tsang500,"(2.0, 2.5, 10)"
15,8,0,0,1,2726.206,0.0,73.396,tsang500,"(2.0, 2.5, 10)"
15,9,0,0,0,2276.753,0.0,75.62,tsang500,"(2.0, 2.5, 10)"
15,9,0,0,1,3230.442,0.0,73.875,tsang500,"(2.0, 2.5, 10)"
6,0,0,0,0,592.145,0.0,7.54,tsang500,"(2.0, 2.5, 10)"
6,0,0,0,1,852.721,0.0,7.563,tsang500,"(2.0, 2.5, 10)"
6,1,0,0,0,822.427,0.0,7.95,tsang500,"(2.0, 2.5, 10)"
6,1,0,0,1,1120.11,0.0,7.803,tsang500,"(2.0, 2.5, 10)"
6,10,0,0,0,648.479,0.0,7.819,tsang500,"(2.0, 2.5, 10)"
6,10,0,0,1,1118.82,0.0,7.782,tsang500,"(2.0, 2.5, 10)"
6,11,0,0,0,792.738,0.0,7.766,tsang500,"(2.0, 2.5, 10)"
6,11,0,0,1,1043.38,0.0,7.733,tsang500,"(2.0, 2.5, 10)"
6,12,0,0,0,722.419,0.0,7.564,tsang500,"(2.0, 2.5, 10)"
6,12,0,0,1,876.331,0.0,7.555,tsang500,"(2.0, 2.5, 10)"
6,13,0,0,0,928.154,0.0,7.701,tsang500,"(2.0, 2.5, 10)"
6,13,0,0,1,1343.78,0.0,7.668,tsang500,"(2.0, 2.5, 10)"
6,14,0,0,0,748.629,0.0,7.508,tsang500,"(2.0, 2.5, 10)"
6,14,0,0,1,1154.349,0.0,7.519,tsang500,"(2.0, 2.5, 10)"
6,15,0,0,0,821.256,0.0,7.806,tsang500,"(2.0, 2.5, 10)"
6,15,0,0,1,1146.304,0.0,7.794,tsang500,"(2.0, 2.5, 10)"
6,16,0,0,0,849.023,0.0,7.657,tsang500,"(2.0, 2.5, 10)"
6,16,0,0,1,1047.356,0.0,7.677,tsang500,"(2.0, 2.5, 10)"
6,17,0,0,0,575.262,0.0,7.717,tsang500,"(2.0, 2.5, 10)"
6,17,0,0,1,722.186,0.0,7.653,tsang500,"(2.0, 2.5, 10)"
6,18,0,0,0,939.05,0.0,7.699,tsang500,"(2.0, 2.5, 10)"
6,18,0,0,1,1269.845,0.0,7.664,tsang500,"(2.0, 2.5, 10)"
6,19,0,0,0,843.226,0.0,7.645,tsang500,"(2.0, 2.5, 10)"
6,19,0,0,1,946.793,0.0,7.602,tsang500,"(2.0, 2.5, 10)"
6,2,0,0,0,828.321,0.0,7.712,tsang500,"(2.0, 2.5, 10)"
6,2,0,0,1,1055.1,0.0,7.657,tsang500,"(2.0, 2.5, 10)"
6,3,0,0,0,865.001,0.0,7.425,tsang500,"(2.0, 2.5, 10)"
6,3,0,0,1,968.334,0.0,7.463,tsang500,"(2.0, 2.5, 10)"
6,4,0,0,0,958.013,0.0,7.882,tsang500,"(2.0, 2.5, 10)"
6,4,0,0,1,1285.051,0.0,7.814,tsang500,"(2.0, 2.5, 10)"
6,5,0,0,0,704.063,0.0,7.454,tsang500,"(2.0, 2.5, 10)"
6,5,0,0,1,569.778,0.0,7.416,tsang500,"(2.0, 2.5, 10)"
6,6,0,0,0,824.08,0.0,7.767,tsang500,"(2.0, 2.5, 10)"
6,6,0,0,1,1186.766,0.0,7.84,tsang500,"(2.0, 2.5, 10)"
6,7,0,0,0,999.578,0.0,7.622,tsang500,"(2.0, 2.5, 10)"
6,7,0,0,1,1252.229,0.0,7.598,tsang500,"(2.0, 2.5, 10)"
6,8,0,0,0,778.656,0.0,7.783,tsang500,"(2.0, 2.5, 10)"
6,8,0,0,1,997.384,0.0,7.789,tsang500,"(2.0, 2.5, 10)"
6,9,0,0,0,763.558,0.0,7.813,tsang500,"(2.0, 2.5, 10)"
6,9,0,0,1,1025.241,0.0,7.872,tsang500,"(2.0, 2.5, 10)"
8,0,0,0,0,1024.112,0.0,16.558,tsang500,"(2.0, 2.5, 10)"
8,0,0,0,1,1328.599,0.0,16.412,tsang500,"(2.0, 2.5, 10)"
8,1,0,0,0,1006.794,0.0,16.498,tsang500,"(2.0, 2.5, 10)"
8,1,0,0,1,1383.792,0.0,16.448,tsang500,"(2.0, 2.5, 10)"
8,10,0,0,0,1124.245,0.0,16.172,tsang500,"(2.0, 2.5, 10)"
8,10,0,0,1,1523.296,0.0,16.105,tsang500,"(2.0, 2.5, 10)"
8,11,0,0,0,1013.593,0.0,16.7,tsang500,"(2.0, 2.5, 10)"
8,11,0,0,1,1542.636,0.0,16.685,tsang500,"(2.0, 2.5, 10)"
8,12,0,0,0,1122.17,0.0,16.395,tsang500,"(2.0, 2.5, 10)"
8,12,0,0,1,1429.75,0.0,16.337,tsang500,"(2.0, 2.5, 10)"
8,13,0,0,0,1242.534,0.0,16.167,tsang500,"(2.0, 2.5, 10)"
8,13,0,0,1,1615.228,0.0,16.088,tsang500,"(2.0, 2.5, 10)"
8,14,0,0,0,845.542,0.0,16.489,tsang500,"(2.0, 2.5, 10)"
8,14,0,0,1,1239.98,0.0,16.363,tsang500,"(2.0, 2.5, 10)"
8,15,0,0,0,992.501,0.0,16.22,tsang500,"(2.0, 2.5, 10)"
8,15,0,0,1,1496.781,0.0,16.135,tsang500,"(2.0, 2.5, 10)"
8,16,0,0,0,1270.802,0.0,15.868,tsang500,"(2.0, 2.5, 10)"
8,16,0,0,1,1526.178,0.0,15.793,tsang500,"(2.0, 2.5, 10)"
8,17,0,0,0,1064.926,0.0,16.062,tsang500,"(2.0, 2.5, 10)"
8,17,0,0,1,1398.714,0.0,15.988,tsang500,"(2.0, 2.5, 10)"
8,18,0,0,0,1115.474,0.0,16.292,tsang500,"(2.0, 2.5, 10)"
8,18,0,0,1,1544.61,0.0,16.32,tsang500,"(2.0, 2.5, 10)"
8,19,0,0,0,1067.382,0.0,16.653,tsang500,"(2.0, 2.5, 10)"
8,19,0,0,1,1411.195,0.0,16.595,tsang500,"(2.0, 2.5, 10)"
8,2,0,0,0,915.145,0.0,16.12,tsang500,"(2.0, 2.5, 10)"
8,2,0,0,1,1245.109,0.0,16.013,tsang500,"(2.0, 2.5, 10)"
8,3,0,0,0,865.151,0.0,16.013,tsang500,"(2.0, 2.5, 10)"
8,3,0,0,1,1178.001,0.0,15.831,tsang500,"(2.0, 2.5, 10)"
8,4,0,0,0,1144.766,0.0,15.975,tsang500,"(2.0, 2.5, 10)"
8,4,0,0,1,1681.501,0.0,15.927,tsang500,"(2.0, 2.5, 10)"
8,5,0,0,0,1045.376,0.0,16.344,tsang500,"(2.0, 2.5, 10)"
8,5,0,0,1,1586.207,0.0,16.062,tsang500,"(2.0, 2.5, 10)"
8,6,0,0,0,1047.51,0.0,16.568,tsang500,"(2.0, 2.5, 10)"
8,6,0,0,1,1504.978,0.0,16.405,tsang500,"(2.0, 2.5, 10)"
8,7,0,0,0,1300.042,0.0,16.369,tsang500,"(2.0, 2.5, 10)"
8,7,0,0,1,1726.502,0.0,16.17,tsang500,"(2.0, 2.5, 10)"
8,8,0,0,0,1005.08,0.0,16.831,tsang500,"(2.0, 2.5, 10)"
8,8,0,0,1,1269.839,0.0,16.785,tsang500,"(2.0, 2.5, 10)"
8,9,0,0,0,1085.555,0.0,16.579,tsang500,"(2.0, 2.5, 10)"
8,9,0,0,1,1434.91,0.0,16.478,tsang500,"(2.0, 2.5, 10)"
