n,idx,distribution,travel,serv,cost_profile,dotsp,enum,lns,mtsp,nnsvf,svf,tsp,lnsinit
6,0,0,0,0,"(0.5, 2.5, 10)",416.0,395.0782922942436,395.078,447.0,423.0,473.0,416.0,395.078
6,0,0,0,0,"(1.0, 2.5, 10)",481.0,460.76729228874456,460.767,512.0,501.0,573.0,481.0,460.767
6,0,0,0,0,"(2.0, 2.5, 10)",610.0,592.1452922987874,592.145,644.0,658.0,773.0,610.0,592.145
6,0,0,0,1,"(0.5, 2.5, 10)",683.0,621.3809416650749,621.381,734.0,687.0,694.0,683.0,621.381
6,0,0,0,1,"(1.0, 2.5, 10)",748.0,691.5534789160031,692.968,805.0,781.0,794.0,748.0,692.968
6,0,0,0,1,"(2.0, 2.5, 10)",877.0,822.9314787438709,836.143,947.0,970.0,994.0,877.0,836.143
6,1,0,0,0,"(0.5, 2.5, 10)",539.0,492.7436487732508,492.744,554.0,660.0,636.0,639.0,492.744
6,1,0,0,0,"(1.0, 2.5, 10)",613.0,567.1071487347797,567.107,682.0,789.0,765.0,714.0,567.107
6,1,0,0,0,"(2.0, 2.5, 10)",763.0,715.8341487912121,715.834,763.0,1046.0,1022.0,863.0,715.834
6,1,0,0,1,"(0.5, 2.5, 10)",880.0,786.5455680003263,786.546,880.0,964.0,907.0,1033.0,786.546
6,1,0,0,1,"(1.0, 2.5, 10)",954.0,860.9090680157589,860.909,954.0,1093.0,1035.0,1107.0,860.909
6,1,0,0,1,"(2.0, 2.5, 10)",1104.0,1009.636067823302,1009.636,1104.0,1351.0,1293.0,1257.0,1009.636
6,2,0,0,0,"(0.5, 2.5, 10)",442.0,442.85839833957823,442.858,442.0,483.0,531.0,449.0,442.858
6,2,0,0,0,"(1.0, 2.5, 10)",514.0,514.7223983221877,514.722,514.0,586.0,647.0,520.0,514.722
6,2,0,0,0,"(2.0, 2.5, 10)",658.0,658.4503983266479,658.45,658.0,792.0,880.0,664.0,658.45
6,2,0,0,1,"(0.5, 2.5, 10)",706.0,704.7664112473226,735.552,712.0,771.0,771.0,706.0,735.552
6,2,0,0,1,"(1.0, 2.5, 10)",778.0,778.4375950546012,784.642,784.0,887.0,887.0,778.0,784.642
6,2,0,0,1,"(2.0, 2.5, 10)",922.0,922.1655950677456,928.37,928.0,1120.0,1120.0,922.0,928.37
6,3,0,0,0,"(0.5, 2.5, 10)",481.0,446.1298346145433,448.366,481.0,499.0,533.0,481.0,448.366
6,3,0,0,0,"(1.0, 2.5, 10)",548.0,512.9783346549098,517.762,548.0,591.0,647.0,548.0,517.762
6,3,0,0,0,"(2.0, 2.5, 10)",680.0,646.6753347096999,683.492,683.0,776.0,874.0,680.0,683.492
6,3,0,0,1,"(0.5, 2.5, 10)",749.0,674.7605699223918,674.761,749.0,785.0,785.0,749.0,674.761
6,3,0,0,1,"(1.0, 2.5, 10)",815.0,746.038994957675,750.292,815.0,877.0,877.0,815.0,750.292
6,3,0,0,1,"(2.0, 2.5, 10)",948.0,879.7629950587254,925.64,1009.0,1062.0,1062.0,948.0,925.64
6,4,0,0,0,"(0.5, 2.5, 10)",622.0,612.6729678506342,612.673,688.0,646.0,682.0,622.0,612.673
6,4,0,0,0,"(1.0, 2.5, 10)",703.0,699.0189678577975,699.019,775.0,747.0,793.0,703.0,699.019
6,4,0,0,0,"(2.0, 2.5, 10)",864.0,864.6249567137972,871.711,896.0,949.0,1015.0,864.0,871.711
6,4,0,0,1,"(0.5, 2.5, 10)",996.0,952.0491301239,952.049,1049.0,995.0,995.0,996.0,952.049
6,4,0,0,1,"(1.0, 2.5, 10)",1077.0,1038.395130194686,1038.395,1129.0,1106.0,1106.0,1077.0,1038.395
6,4,0,0,1,"(2.0, 2.5, 10)",1238.0,1211.0871303326398,1211.087,1290.0,1327.0,1327.0,1238.0,1211.087
6,5,0,0,0,"(0.5, 2.5, 10)",559.0,523.7315612079285,523.732,549.0,548.0,548.0,559.0,523.732
6,5,0,0,0,"(1.0, 2.5, 10)",638.0,605.0505611985794,605.051,630.0,633.0,633.0,638.0,605.051
6,5,0,0,0,"(2.0, 2.5, 10)",797.0,767.6885611970627,767.689,793.0,802.0,802.0,797.0,767.689
6,5,0,0,1,"(0.5, 2.5, 10)",843.0,745.9460261284523,828.756,903.0,809.0,809.0,843.0,828.756
6,5,0,0,1,"(1.0, 2.5, 10)",923.0,836.071724325394,910.321,927.0,894.0,894.0,923.0,910.321
6,5,0,0,1,"(2.0, 2.5, 10)",1081.0,998.7097235749002,1073.451,1090.0,1063.0,1063.0,1081.0,1073.451
6,6,0,0,0,"(0.5, 2.5, 10)",557.0,541.7265182885872,557.643,583.0,571.0,580.0,557.0,557.643
6,6,0,0,0,"(1.0, 2.5, 10)",633.0,619.9120182887891,633.946,633.0,663.0,673.0,633.0,633.946
6,6,0,0,0,"(2.0, 2.5, 10)",786.0,774.432728982057,786.551,786.0,847.0,858.0,786.0,786.551
6,6,0,0,1,"(0.5, 2.5, 10)",864.0,850.0045950534507,866.715,917.0,871.0,871.0,864.0,866.715
6,6,0,0,1,"(1.0, 2.5, 10)",941.0,929.7600107022838,944.901,993.0,964.0,964.0,941.0,944.901
6,6,0,0,1,"(2.0, 2.5, 10)",1093.0,1082.595010699849,1101.272,1146.0,1150.0,1150.0,1093.0,1101.272
6,7,0,0,0,"(0.5, 2.5, 10)",637.0,617.6139091767163,619.928,640.0,674.0,665.0,653.0,619.928
6,7,0,0,0,"(1.0, 2.5, 10)",717.0,716.3490241701516,718.611,750.0,794.0,777.0,732.0,718.611
6,7,0,0,0,"(2.0, 2.5, 10)",876.0,876.6325850415877,876.633,876.0,1034.0,1002.0,892.0,876.633
6,7,0,0,1,"(0.5, 2.5, 10)",1016.0,961.5409943322323,980.315,1064.0,1022.0,1003.0,1016.0,980.315
6,7,0,0,1,"(1.0, 2.5, 10)",1095.0,1060.5454943471598,1085.319,1110.0,1140.0,1115.0,1095.0,1085.319
6,7,0,0,1,"(2.0, 2.5, 10)",1255.0,1247.7327120836214,1255.114,1269.0,1377.0,1340.0,1255.0,1255.114
6,8,0,0,0,"(0.5, 2.5, 10)",463.0,438.9641151013667,438.964,438.0,450.0,522.0,463.0,438.964
6,8,0,0,0,"(1.0, 2.5, 10)",530.0,507.9106154286129,516.111,507.0,516.0,611.0,530.0,516.111
6,8,0,0,0,"(2.0, 2.5, 10)",664.0,645.803615247139,647.861,680.0,648.0,791.0,664.0,647.861
6,8,0,0,1,"(0.5, 2.5, 10)",716.0,683.5351912712878,683.535,786.0,765.0,796.0,716.0,683.535
6,8,0,0,1,"(1.0, 2.5, 10)",783.0,752.4816912770306,752.482,804.0,857.0,901.0,783.0,752.482
6,8,0,0,1,"(2.0, 2.5, 10)",916.0,887.8476169766711,890.375,949.0,1042.0,1112.0,916.0,890.375
6,9,0,0,0,"(0.5, 2.5, 10)",500.0,500.8935409057312,500.894,500.0,523.0,627.0,585.0,500.894
6,9,0,0,0,"(1.0, 2.5, 10)",579.0,579.0095409207329,579.01,579.0,616.0,756.0,663.0,579.01
6,9,0,0,0,"(2.0, 2.5, 10)",735.0,735.2415409072862,735.242,735.0,801.0,1013.0,820.0,735.242
6,9,0,0,1,"(0.5, 2.5, 10)",783.0,765.3042192584029,773.481,784.0,790.0,868.0,910.0,773.481
6,9,0,0,1,"(1.0, 2.5, 10)",861.0,849.7347193204345,861.204,864.0,894.0,996.0,989.0,861.204
6,9,0,0,1,"(2.0, 2.5, 10)",1017.0,1017.435657116424,1017.436,1025.0,1102.0,1253.0,1145.0,1017.436
6,10,0,0,0,"(0.5, 2.5, 10)",570.0,533.8955844290265,533.896,582.0,584.0,695.0,639.0,533.896
6,10,0,0,0,"(1.0, 2.5, 10)",635.0,597.8200844303107,597.82,635.0,669.0,809.0,703.0,597.82
6,10,0,0,0,"(2.0, 2.5, 10)",764.0,725.6690844335294,725.669,725.0,839.0,1037.0,832.0,725.669
6,10,0,0,1,"(0.5, 2.5, 10)",919.0,854.7174262335553,881.124,938.0,984.0,1016.0,1034.0,881.124
6,10,0,0,1,"(1.0, 2.5, 10)",983.0,923.712426200841,945.049,993.0,1083.0,1130.0,1098.0,945.049
6,10,0,0,1,"(2.0, 2.5, 10)",1112.0,1061.7024261632962,1072.898,1112.0,1279.0,1358.0,1227.0,1072.898
6,11,0,0,0,"(0.5, 2.5, 10)",530.0,484.90773425379103,494.631,494.0,550.0,552.0,530.0,494.631
6,11,0,0,0,"(1.0, 2.5, 10)",601.0,566.3877342347039,574.514,573.0,652.0,645.0,601.0,574.514
6,11,0,0,0,"(2.0, 2.5, 10)",743.0,719.2422921525606,719.242,719.0,856.0,832.0,743.0,719.242
6,11,0,0,1,"(0.5, 2.5, 10)",824.0,746.3174386834492,782.047,849.0,802.0,802.0,859.0,782.047
6,11,0,0,1,"(1.0, 2.5, 10)",895.0,830.28893867879,853.918,839.0,895.0,895.0,930.0,853.918
6,11,0,0,1,"(2.0, 2.5, 10)",1037.0,997.1205150237612,1013.684,1075.0,1082.0,1082.0,1072.0,1013.684
6,12,0,0,0,"(0.5, 2.5, 10)",462.0,459.9829680725752,466.835,462.0,621.0,663.0,600.0,466.835
6,12,0,0,0,"(1.0, 2.5, 10)",534.0,532.9114680624781,539.242,534.0,742.0,783.0,672.0,539.242
6,12,0,0,0,"(2.0, 2.5, 10)",678.0,678.6259770555794,684.056,678.0,982.0,1021.0,816.0,684.056
6,12,0,0,1,"(0.5, 2.5, 10)",724.0,708.0383708335245,728.939,805.0,991.0,990.0,940.0,728.939
6,12,0,0,1,"(1.0, 2.5, 10)",796.0,779.5653706730288,801.584,877.0,1111.0,1109.0,1012.0,801.584
6,12,0,0,1,"(2.0, 2.5, 10)",940.0,922.6193707589568,946.873,1021.0,1351.0,1347.0,1156.0,946.873
6,13,0,0,0,"(0.5, 2.5, 10)",653.0,602.4521851765362,603.441,658.0,616.0,716.0,658.0,603.441
6,13,0,0,0,"(1.0, 2.5, 10)",738.0,691.2541852142998,691.481,743.0,714.0,847.0,743.0,691.481
6,13,0,0,0,"(2.0, 2.5, 10)",908.0,867.5613909904479,867.561,913.0,910.0,1109.0,913.0,867.561
6,13,0,0,1,"(0.5, 2.5, 10)",1044.0,894.3058359838099,915.241,1050.0,921.0,1046.0,1050.0,915.241
6,13,0,0,1,"(1.0, 2.5, 10)",1129.0,986.2828360774224,1003.281,1135.0,1019.0,1177.0,1135.0,1003.281
6,13,0,0,1,"(2.0, 2.5, 10)",1299.0,1170.236835985946,1179.361,1306.0,1215.0,1440.0,1306.0,1179.361
6,14,0,0,0,"(0.5, 2.5, 10)",522.0,522.9309179939856,538.299,578.0,570.0,570.0,563.0,538.299
6,14,0,0,0,"(1.0, 2.5, 10)",585.0,585.4019179972518,605.017,647.0,653.0,653.0,625.0,605.017
6,14,0,0,0,"(2.0, 2.5, 10)",710.0,710.3439179871636,710.344,710.0,820.0,820.0,750.0,710.344
6,14,0,0,1,"(0.5, 2.5, 10)",843.0,821.535625562223,843.704,928.0,909.0,909.0,925.0,843.704
6,14,0,0,1,"(1.0, 2.5, 10)",906.0,888.2536254768759,906.175,995.0,992.0,992.0,988.0,906.175
6,14,0,0,1,"(2.0, 2.5, 10)",1031.0,1021.6896254602862,1031.117,1128.0,1159.0,1159.0,1113.0,1031.117
6,15,0,0,0,"(0.5, 2.5, 10)",532.0,502.4548779756891,502.455,532.0,626.0,626.0,601.0,502.455
6,15,0,0,0,"(1.0, 2.5, 10)",607.0,587.2818780047055,587.282,608.0,746.0,746.0,676.0,587.282
6,15,0,0,0,"(2.0, 2.5, 10)",756.0,746.364207303694,756.936,753.0,986.0,986.0,825.0,756.936
6,15,0,0,1,"(0.5, 2.5, 10)",853.0,768.421225865096,831.292,857.0,908.0,908.0,925.0,831.292
6,15,0,0,1,"(1.0, 2.5, 10)",928.0,847.8607258643204,878.754,936.0,1028.0,1028.0,1000.0,878.754
6,15,0,0,1,"(2.0, 2.5, 10)",1077.0,1006.7397258781804,1048.408,1077.0,1268.0,1268.0,1149.0,1048.408
6,16,0,0,0,"(0.5, 2.5, 10)",515.0,515.2371399583966,532.951,515.0,612.0,612.0,515.0,532.951
6,16,0,0,0,"(1.0, 2.5, 10)",589.0,589.8276399750999,589.828,589.0,727.0,727.0,589.0,589.828
6,16,0,0,0,"(2.0, 2.5, 10)",739.0,739.0086400133729,739.009,739.0,957.0,957.0,739.0,739.009
6,16,0,0,1,"(0.5, 2.5, 10)",794.0,794.8467638562342,840.2,794.0,915.0,915.0,794.0,840.2
6,16,0,0,1,"(1.0, 2.5, 10)",869.0,869.4372637175388,924.989,869.0,1030.0,1030.0,869.0,924.989
6,16,0,0,1,"(2.0, 2.5, 10)",1018.0,1018.618263843259,1094.566,1018.0,1260.0,1260.0,1018.0,1094.566
6,17,0,0,0,"(0.5, 2.5, 10)",446.0,386.3972235895403,386.397,434.0,401.0,401.0,455.0,386.397
6,17,0,0,0,"(1.0, 2.5, 10)",506.0,444.3032236072337,444.303,468.0,460.0,460.0,514.0,444.303
6,17,0,0,0,"(2.0, 2.5, 10)",624.0,560.1152235977163,563.174,622.0,579.0,579.0,633.0,563.174
6,17,0,0,1,"(0.5, 2.5, 10)",701.0,588.7506392759547,588.751,709.0,617.0,617.0,701.0,588.751
6,17,0,0,1,"(1.0, 2.5, 10)",761.0,646.1084033898242,646.657,770.0,677.0,677.0,761.0,646.657
6,17,0,0,1,"(2.0, 2.5, 10)",879.0,760.2764034115629,762.469,876.0,796.0,796.0,879.0,762.469
6,18,0,0,0,"(0.5, 2.5, 10)",568.0,568.6950861786161,575.157,575.0,636.0,629.0,568.0,575.157
6,18,0,0,0,"(1.0, 2.5, 10)",651.0,651.6970860967242,670.626,662.0,734.0,744.0,651.0,670.626
6,18,0,0,0,"(2.0, 2.5, 10)",817.0,817.7010861127138,837.308,836.0,930.0,972.0,817.0,837.308
6,18,0,0,1,"(0.5, 2.5, 10)",908.0,895.4126550550511,895.413,935.0,976.0,945.0,908.0,895.413
6,18,0,0,1,"(1.0, 2.5, 10)",991.0,982.3901547162787,982.39,1018.0,1074.0,1059.0,991.0,982.39
6,18,0,0,1,"(2.0, 2.5, 10)",1157.0,1156.3451547991783,1157.523,1185.0,1270.0,1288.0,1157.0,1157.523
6,19,0,0,0,"(0.5, 2.5, 10)",507.0,499.7478632244616,499.748,507.0,503.0,583.0,518.0,499.748
6,19,0,0,0,"(1.0, 2.5, 10)",594.0,593.4733631909206,593.473,594.0,598.0,706.0,605.0,593.473
6,19,0,0,0,"(2.0, 2.5, 10)",769.0,769.2109696192528,780.924,769.0,789.0,954.0,779.0,780.924
6,19,0,0,1,"(0.5, 2.5, 10)",752.0,747.7065822756996,758.953,793.0,754.0,809.0,752.0,758.953
6,19,0,0,1,"(1.0, 2.5, 10)",840.0,840.1571150370705,852.679,881.0,860.0,933.0,840.0,852.679
6,19,0,0,1,"(2.0, 2.5, 10)",1014.0,1014.7041150710628,1040.13,1055.0,1073.0,1180.0,1014.0,1040.13
8,0,0,0,0,"(0.5, 2.5, 10)",614.0,592.2642018078741,597.205,643.0,673.0,672.0,617.0,597.205
8,0,0,0,0,"(1.0, 2.5, 10)",693.0,674.1292049394043,674.129,724.0,795.0,789.0,695.0,674.129
8,0,0,0,0,"(2.0, 2.5, 10)",849.0,833.255204930239,833.255,886.0,1038.0,1024.0,852.0,833.255
8,0,0,0,1,"(0.5, 2.5, 10)",991.0,908.10051269846,943.922,1047.0,1014.0,1014.0,993.0,943.922
8,0,0,0,1,"(1.0, 2.5, 10)",1069.0,989.3060128360178,1009.859,1135.0,1131.0,1131.0,1072.0,1009.859
8,0,0,0,1,"(2.0, 2.5, 10)",1226.0,1149.7167920719291,1149.717,1295.0,1366.0,1366.0,1228.0,1149.717
8,1,0,0,0,"(0.5, 2.5, 10)",667.0,650.0720734215388,681.417,709.0,706.0,853.0,749.0,681.417
8,1,0,0,0,"(1.0, 2.5, 10)",746.0,727.5735729761476,727.574,786.0,798.0,1002.0,828.0,727.574
8,1,0,0,0,"(2.0, 2.5, 10)",904.0,882.5765735471819,882.577,942.0,982.0,1301.0,986.0,882.577
8,1,0,0,1,"(0.5, 2.5, 10)",1149.0,1059.7280458673135,1101.576,1137.0,1095.0,1230.0,1222.0,1101.576
8,1,0,0,1,"(1.0, 2.5, 10)",1228.0,1147.867615677089,1181.673,1225.0,1188.0,1379.0,1301.0,1181.673
8,1,0,0,1,"(2.0, 2.5, 10)",1386.0,1309.5576158827305,1341.866,1372.0,1372.0,1677.0,1459.0,1341.866
8,2,0,0,0,"(0.5, 2.5, 10)",527.0,527.3678363438487,535.386,568.0,535.0,607.0,527.0,535.386
8,2,0,0,0,"(1.0, 2.5, 10)",605.0,605.075336287237,605.075,656.0,623.0,720.0,605.0,605.075
8,2,0,0,0,"(2.0, 2.5, 10)",760.0,760.4903363431546,760.49,798.0,797.0,945.0,760.0,760.49
8,2,0,0,1,"(0.5, 2.5, 10)",845.0,830.297584325774,830.298,927.0,881.0,906.0,845.0,830.298
8,2,0,0,1,"(1.0, 2.5, 10)",922.0,915.3165890347152,916.05,1015.0,983.0,1021.0,922.0,916.05
8,2,0,0,1,"(2.0, 2.5, 10)",1078.0,1078.1424850167314,1082.678,1171.0,1188.0,1253.0,1078.0,1082.678
8,3,0,0,0,"(0.5, 2.5, 10)",598.0,543.8234205187089,543.823,603.0,619.0,626.0,618.0,543.823
8,3,0,0,0,"(1.0, 2.5, 10)",669.0,616.4784206032227,616.478,679.0,723.0,732.0,689.0,616.478
8,3,0,0,0,"(2.0, 2.5, 10)",810.0,761.7884207432724,772.562,832.0,932.0,944.0,830.0,772.562
8,3,0,0,1,"(0.5, 2.5, 10)",974.0,852.0115722125215,883.997,1011.0,957.0,957.0,1010.0,883.997
8,3,0,0,1,"(1.0, 2.5, 10)",1044.0,936.482072390461,956.652,1074.0,1061.0,1063.0,1080.0,956.652
8,3,0,0,1,"(2.0, 2.5, 10)",1185.0,1079.2084773641504,1101.962,1223.0,1270.0,1275.0,1221.0,1101.962
8,4,0,0,0,"(0.5, 2.5, 10)",731.0,731.631687031916,741.378,731.0,780.0,864.0,731.0,741.378
8,4,0,0,0,"(1.0, 2.5, 10)",813.0,813.2436870447859,838.056,813.0,899.0,1008.0,813.0,838.056
8,4,0,0,0,"(2.0, 2.5, 10)",976.0,976.4676870458404,976.468,976.0,1136.0,1295.0,976.0,976.468
8,4,0,0,1,"(0.5, 2.5, 10)",1223.0,1152.456975948328,1182.773,1214.0,1263.0,1263.0,1223.0,1182.773
8,4,0,0,1,"(1.0, 2.5, 10)",1305.0,1263.0472130295948,1305.379,1305.0,1407.0,1407.0,1305.0,1305.379
8,4,0,0,1,"(2.0, 2.5, 10)",1468.0,1465.7414263879305,1484.03,1487.0,1694.0,1694.0,1468.0,1484.03
8,5,0,0,0,"(0.5, 2.5, 10)",733.0,713.5897388386775,714.471,775.0,759.0,833.0,733.0,714.471
8,5,0,0,0,"(1.0, 2.5, 10)",813.0,792.8017381915408,796.648,861.0,853.0,953.0,813.0,796.648
8,5,0,0,0,"(2.0, 2.5, 10)",973.0,951.2257381915408,951.226,1019.0,1040.0,1195.0,973.0,951.226
8,5,0,0,1,"(0.5, 2.5, 10)",1205.0,1141.2610604501049,1180.103,1310.0,1321.0,1327.0,1205.0,1180.103
8,5,0,0,1,"(1.0, 2.5, 10)",1286.0,1227.406559983691,1246.136,1300.0,1443.0,1448.0,1286.0,1246.136
8,5,0,0,1,"(2.0, 2.5, 10)",1446.0,1399.6975598250303,1404.56,1467.0,1687.0,1690.0,1446.0,1404.56
8,6,0,0,0,"(0.5, 2.5, 10)",720.0,676.1580250872353,676.158,723.0,714.0,714.0,720.0,676.158
8,6,0,0,0,"(1.0, 2.5, 10)",796.0,767.4405548750849,767.925,801.0,824.0,824.0,796.0,767.925
8,6,0,0,0,"(2.0, 2.5, 10)",950.0,944.41255488334,944.413,950.0,1044.0,1044.0,950.0,944.413
8,6,0,0,1,"(0.5, 2.5, 10)",1213.0,1063.9815307623935,1074.718,1213.0,1093.0,1093.0,1213.0,1074.718
8,6,0,0,1,"(1.0, 2.5, 10)",1290.0,1155.9303825338543,1163.204,1291.0,1203.0,1203.0,1290.0,1163.204
8,6,0,0,1,"(2.0, 2.5, 10)",1443.0,1339.4633824617151,1340.176,1443.0,1423.0,1423.0,1443.0,1340.176
8,7,0,0,0,"(0.5, 2.5, 10)",717.0,712.2451751585863,727.047,741.0,808.0,882.0,717.0,727.047
8,7,0,0,0,"(1.0, 2.5, 10)",798.0,794.3466751672611,816.171,804.0,937.0,1032.0,798.0,816.171
8,7,0,0,0,"(2.0, 2.5, 10)",961.0,958.549675228016,958.55,987.0,1195.0,1334.0,961.0,958.55
8,7,0,0,1,"(0.5, 2.5, 10)",1204.0,1139.8667456409876,1236.538,1244.0,1269.0,1269.0,1204.0,1236.538
8,7,0,0,1,"(1.0, 2.5, 10)",1285.0,1239.399886080141,1239.4,1295.0,1420.0,1420.0,1285.0,1239.4
8,7,0,0,1,"(2.0, 2.5, 10)",1448.0,1417.598886035666,1460.156,1498.0,1721.0,1721.0,1448.0,1460.156
8,8,0,0,0,"(0.5, 2.5, 10)",602.0,594.0351073478546,596.329,611.0,633.0,643.0,602.0,596.329
8,8,0,0,0,"(1.0, 2.5, 10)",672.0,663.6696232705726,663.67,671.0,729.0,739.0,672.0,663.67
8,8,0,0,0,"(2.0, 2.5, 10)",814.0,798.3516233361934,798.352,814.0,920.0,933.0,814.0,798.352
8,8,0,0,1,"(0.5, 2.5, 10)",1026.0,930.260544697382,967.809,997.0,980.0,1013.0,1026.0,967.809
8,8,0,0,1,"(1.0, 2.5, 10)",1096.0,1023.807596459579,1045.546,1063.0,1076.0,1127.0,1096.0,1045.546
8,8,0,0,1,"(2.0, 2.5, 10)",1238.0,1174.940700642875,1206.477,1177.0,1270.0,1354.0,1238.0,1206.477
8,9,0,0,0,"(0.5, 2.5, 10)",704.0,692.3195315644675,692.32,723.0,763.0,944.0,704.0,692.32
8,9,0,0,0,"(1.0, 2.5, 10)",783.0,775.3077341386713,775.308,790.0,882.0,1115.0,783.0,775.308
8,9,0,0,0,"(2.0, 2.5, 10)",942.0,937.5515524216078,937.552,997.0,1119.0,1457.0,942.0,937.552
8,9,0,0,1,"(0.5, 2.5, 10)",1177.0,1128.2175119830188,1136.407,1281.0,1214.0,1361.0,1177.0,1136.407
8,9,0,0,1,"(1.0, 2.5, 10)",1256.0,1222.6066134627138,1226.727,1231.0,1337.0,1532.0,1256.0,1226.727
8,9,0,0,1,"(2.0, 2.5, 10)",1415.0,1393.9639327684663,1397.482,1393.0,1581.0,1874.0,1415.0,1397.482
8,10,0,0,0,"(0.5, 2.5, 10)",686.0,659.0105436166992,659.011,681.0,689.0,756.0,744.0,659.011
8,10,0,0,0,"(1.0, 2.5, 10)",756.0,739.936043636173,739.936,769.0,787.0,884.0,815.0,739.936
8,10,0,0,0,"(2.0, 2.5, 10)",897.0,895.0064386857164,895.006,916.0,984.0,1139.0,956.0,895.006
8,10,0,0,1,"(0.5, 2.5, 10)",1139.0,1083.7545151292766,1096.768,1139.0,1143.0,1162.0,1279.0,1096.768
8,10,0,0,1,"(1.0, 2.5, 10)",1210.0,1167.749124911621,1167.749,1210.0,1264.0,1290.0,1349.0,1167.749
8,10,0,0,1,"(2.0, 2.5, 10)",1350.0,1329.600124923418,1329.6,1370.0,1507.0,1545.0,1490.0,1329.6
8,11,0,0,0,"(0.5, 2.5, 10)",691.0,635.100051634905,645.18,640.0,644.0,704.0,705.0,645.18
8,11,0,0,0,"(1.0, 2.5, 10)",772.0,723.8678990853441,723.868,726.0,733.0,818.0,785.0,723.868
8,11,0,0,0,"(2.0, 2.5, 10)",932.0,898.1525332418178,907.874,898.0,911.0,1048.0,945.0,907.874
8,11,0,0,1,"(0.5, 2.5, 10)",1096.0,996.8540526955748,1039.054,1112.0,1005.0,1055.0,1096.0,1039.054
8,11,0,0,1,"(1.0, 2.5, 10)",1176.0,1086.4980529142829,1124.848,1202.0,1095.0,1185.0,1176.0,1124.848
8,11,0,0,1,"(2.0, 2.5, 10)",1337.0,1265.7626280326026,1296.437,1381.0,1277.0,1446.0,1337.0,1296.437
8,12,0,0,0,"(0.5, 2.5, 10)",664.0,609.2960707740118,616.723,664.0,654.0,773.0,664.0,616.723
8,12,0,0,0,"(1.0, 2.5, 10)",755.0,703.5571268235151,717.074,755.0,771.0,929.0,755.0,717.074
8,12,0,0,0,"(2.0, 2.5, 10)",938.0,886.41612685361,909.055,937.0,1005.0,1240.0,938.0,909.055
8,12,0,0,1,"(0.5, 2.5, 10)",1044.0,927.0373803222244,974.52,973.0,1157.0,1131.0,1044.0,974.52
8,12,0,0,1,"(1.0, 2.5, 10)",1135.0,1031.6230865943694,1079.722,1063.0,1319.0,1287.0,1135.0,1079.722
8,12,0,0,1,"(2.0, 2.5, 10)",1317.0,1232.1620864151012,1285.024,1317.0,1644.0,1598.0,1317.0,1285.024
8,13,0,0,0,"(0.5, 2.5, 10)",804.0,796.2980759082105,799.86,806.0,847.0,891.0,804.0,799.86
8,13,0,0,0,"(1.0, 2.5, 10)",893.0,886.991075947357,892.197,897.0,966.0,1028.0,893.0,892.197
8,13,0,0,0,"(2.0, 2.5, 10)",1070.0,1066.9145245618652,1079.838,1068.0,1204.0,1302.0,1070.0,1072.159
8,13,0,0,1,"(0.5, 2.5, 10)",1300.0,1295.3783063807073,1313.553,1345.0,1353.0,1353.0,1365.0,1313.553
8,13,0,0,1,"(1.0, 2.5, 10)",1389.0,1384.8358063807073,1421.268,1435.0,1472.0,1472.0,1454.0,1421.268
8,13,0,0,1,"(2.0, 2.5, 10)",1566.0,1563.750806263688,1631.489,1614.0,1710.0,1710.0,1631.0,1631.489
8,14,0,0,0,"(0.5, 2.5, 10)",574.0,555.958019783704,567.757,575.0,609.0,664.0,587.0,567.757
8,14,0,0,0,"(1.0, 2.5, 10)",646.0,626.6252980143212,636.635,648.0,698.0,781.0,659.0,636.635
8,14,0,0,0,"(2.0, 2.5, 10)",790.0,761.8872979911641,763.771,795.0,876.0,1017.0,803.0,763.771
8,14,0,0,1,"(0.5, 2.5, 10)",926.0,875.912103658573,912.086,917.0,962.0,975.0,960.0,912.086
8,14,0,0,1,"(1.0, 2.5, 10)",998.0,950.3421036820492,982.664,1028.0,1042.0,1073.0,1032.0,982.664
8,14,0,0,1,"(2.0, 2.5, 10)",1141.0,1094.1964232907549,1123.821,1169.0,1202.0,1270.0,1176.0,1123.821
8,15,0,0,0,"(0.5, 2.5, 10)",653.0,649.0939550737307,653.542,653.0,786.0,786.0,653.0,653.542
8,15,0,0,0,"(1.0, 2.5, 10)",738.0,734.1199550782829,738.648,751.0,914.0,921.0,738.0,738.648
8,15,0,0,0,"(2.0, 2.5, 10)",908.0,904.1719550889052,908.86,909.0,1171.0,1190.0,908.0,908.86
8,15,0,0,1,"(0.5, 2.5, 10)",1064.0,1048.3166425167335,1117.438,1081.0,1217.0,1219.0,1064.0,1117.438
8,15,0,0,1,"(1.0, 2.5, 10)",1149.0,1133.342642313834,1190.325,1166.0,1352.0,1353.0,1149.0,1190.325
8,15,0,0,1,"(2.0, 2.5, 10)",1319.0,1303.3946424404903,1342.818,1337.0,1621.0,1622.0,1319.0,1342.818
8,16,0,0,0,"(0.5, 2.5, 10)",697.0,662.3716050402084,676.048,664.0,769.0,790.0,717.0,676.048
8,16,0,0,0,"(1.0, 2.5, 10)",778.0,752.3591504890991,768.69,752.0,909.0,940.0,798.0,768.69
8,16,0,0,0,"(2.0, 2.5, 10)",939.0,927.6231503345192,939.618,927.0,1191.0,1239.0,959.0,939.618
8,16,0,0,1,"(0.5, 2.5, 10)",1098.0,1020.2607780769192,1084.502,1079.0,1132.0,1132.0,1154.0,1084.502
8,16,0,0,1,"(1.0, 2.5, 10)",1179.0,1119.8883045957816,1179.189,1168.0,1282.0,1282.0,1234.0,1179.189
8,16,0,0,1,"(2.0, 2.5, 10)",1340.0,1300.2073044926206,1337.608,1317.0,1581.0,1581.0,1396.0,1337.608
8,17,0,0,0,"(0.5, 2.5, 10)",680.0,648.7873307499785,662.914,711.0,720.0,720.0,680.0,662.914
8,17,0,0,0,"(1.0, 2.5, 10)",757.0,719.2343307493377,738.731,786.0,834.0,834.0,757.0,738.731
8,17,0,0,0,"(2.0, 2.5, 10)",910.0,860.1283305090901,882.099,939.0,1063.0,1063.0,910.0,882.099
8,17,0,0,1,"(0.5, 2.5, 10)",1091.0,1008.395058697176,1055.755,1178.0,1113.0,1144.0,1091.0,1055.755
8,17,0,0,1,"(1.0, 2.5, 10)",1168.0,1091.6370590379438,1139.472,1251.0,1227.0,1273.0,1168.0,1139.472
8,17,0,0,1,"(2.0, 2.5, 10)",1322.0,1251.861477124387,1299.244,1390.0,1456.0,1531.0,1322.0,1299.244
8,18,0,0,0,"(0.5, 2.5, 10)",784.0,732.0839867844829,737.529,804.0,815.0,822.0,784.0,737.529
8,18,0,0,0,"(1.0, 2.5, 10)",870.0,832.3709867017424,838.905,896.0,930.0,946.0,870.0,838.905
8,18,0,0,0,"(2.0, 2.5, 10)",1043.0,1030.917867625155,1033.12,1081.0,1159.0,1195.0,1043.0,1033.12
8,18,0,0,1,"(0.5, 2.5, 10)",1281.0,1132.3334252202376,1228.214,1275.0,1290.0,1300.0,1281.0,1228.214
8,18,0,0,1,"(1.0, 2.5, 10)",1368.0,1235.3311076005336,1333.158,1366.0,1407.0,1422.0,1368.0,1333.158
8,18,0,0,1,"(2.0, 2.5, 10)",1540.0,1435.1881075541608,1543.844,1544.0,1641.0,1667.0,1540.0,1543.844
8,19,0,0,0,"(0.5, 2.5, 10)",704.0,692.1370725724233,692.137,719.0,790.0,790.0,761.0,692.137
8,19,0,0,0,"(1.0, 2.5, 10)",798.0,788.5765725608051,788.577,812.0,930.0,930.0,855.0,788.577
8,19,0,0,0,"(2.0, 2.5, 10)",987.0,981.45557258526,981.456,1045.0,1211.0,1211.0,1044.0,981.456
8,19,0,0,1,"(0.5, 2.5, 10)",1064.0,1045.1562652292266,1092.877,1271.0,1164.0,1164.0,1271.0,1092.877
8,19,0,0,1,"(1.0, 2.5, 10)",1159.0,1141.5957641546495,1195.926,1366.0,1305.0,1305.0,1366.0,1195.926
8,19,0,0,1,"(2.0, 2.5, 10)",1348.0,1334.474764827573,1348.224,1555.0,1586.0,1586.0,1555.0,1348.224
10,0,0,0,0,"(0.5, 2.5, 10)",768.0,746.4431344497158,779.798,825.0,854.0,959.0,824.0,779.798
10,0,0,0,0,"(1.0, 2.5, 10)",847.0,836.5066364343867,847.113,915.0,993.0,1130.0,903.0,847.113
10,0,0,0,0,"(2.0, 2.5, 10)",1004.0,1004.5694231544716,1004.569,1093.0,1272.0,1472.0,1060.0,1004.569
10,0,0,0,1,"(0.5, 2.5, 10)",1286.0,1220.4803600085168,1248.259,1296.0,1352.0,1507.0,1384.0,1248.259
10,0,0,0,1,"(1.0, 2.5, 10)",1365.0,1327.7773600053167,1342.899,1407.0,1497.0,1709.0,1463.0,1342.899
10,0,0,0,1,"(2.0, 2.5, 10)",1522.0,1498.5292041604207,1498.529,1576.0,1788.0,2111.0,1620.0,1498.529
10,1,0,0,0,"(0.5, 2.5, 10)",934.0,928.6231432962278,934.988,1007.0,1023.0,1173.0,934.0,934.988
10,1,0,0,0,"(1.0, 2.5, 10)",1013.0,1008.3470017932032,1013.826,1076.0,1136.0,1365.0,1013.0,1013.826
10,1,0,0,0,"(2.0, 2.5, 10)",1169.0,1167.371001768893,1173.278,1222.0,1362.0,1747.0,1169.0,1173.278
10,1,0,0,1,"(0.5, 2.5, 10)",1585.0,1501.2656137035133,1597.979,1698.0,1748.0,1814.0,1585.0,1597.979
10,1,0,0,1,"(1.0, 2.5, 10)",1663.0,1593.1601143606592,1677.705,1786.0,1918.0,2006.0,1663.0,1677.705
10,1,0,0,1,"(2.0, 2.5, 10)",1820.0,1774.7553269221166,1837.157,1950.0,2260.0,2388.0,1820.0,1837.157
10,2,0,0,0,"(0.5, 2.5, 10)",812.0,812.4590294653556,834.27,884.0,887.0,887.0,812.0,834.27
10,2,0,0,0,"(1.0, 2.5, 10)",894.0,894.1190294367568,896.512,966.0,1026.0,1025.0,894.0,896.512
10,2,0,0,0,"(2.0, 2.5, 10)",1057.0,1057.4390294828927,1061.984,1129.0,1303.0,1300.0,1057.0,1061.984
10,2,0,0,1,"(0.5, 2.5, 10)",1361.0,1308.3052449248178,1344.335,1494.0,1426.0,1418.0,1361.0,1344.335
10,2,0,0,1,"(1.0, 2.5, 10)",1443.0,1411.3070430788348,1441.713,1581.0,1565.0,1555.0,1443.0,1441.713
10,2,0,0,1,"(2.0, 2.5, 10)",1606.0,1606.766841640792,1613.241,1714.0,1845.0,1830.0,1606.0,1613.241
10,3,0,0,0,"(0.5, 2.5, 10)",717.0,667.1169216608728,705.012,772.0,719.0,842.0,772.0,701.447
10,3,0,0,0,"(1.0, 2.5, 10)",788.0,737.3209216131936,755.06,841.0,829.0,987.0,844.0,755.06
10,3,0,0,0,"(2.0, 2.5, 10)",931.0,877.7289216919628,896.499,931.0,1047.0,1276.0,986.0,896.499
10,3,0,0,1,"(0.5, 2.5, 10)",1208.0,1095.7685756927517,1151.438,1295.0,1187.0,1295.0,1289.0,1151.438
10,3,0,0,1,"(1.0, 2.5, 10)",1279.0,1173.6475756867735,1243.588,1368.0,1300.0,1438.0,1360.0,1243.588
10,3,0,0,1,"(2.0, 2.5, 10)",1422.0,1315.203469721533,1344.307,1450.0,1525.0,1724.0,1502.0,1344.307
10,4,0,0,0,"(0.5, 2.5, 10)",1008.0,1008.9394367988428,1022.802,1033.0,1135.0,1198.0,1163.0,1022.802
10,4,0,0,0,"(1.0, 2.5, 10)",1103.0,1103.7054367698415,1106.272,1114.0,1287.0,1375.0,1258.0,1106.272
10,4,0,0,0,"(2.0, 2.5, 10)",1293.0,1293.2374368320288,1293.237,1300.0,1592.0,1731.0,1448.0,1293.237
10,4,0,0,1,"(0.5, 2.5, 10)",1698.0,1607.2460397985824,1683.711,1698.0,1837.0,1837.0,1939.0,1683.711
10,4,0,0,1,"(1.0, 2.5, 10)",1793.0,1726.155039790904,1755.467,1793.0,2013.0,2015.0,2033.0,1755.467
10,4,0,0,1,"(2.0, 2.5, 10)",1982.0,1955.8094869628496,1955.809,1982.0,2367.0,2370.0,2223.0,1955.809
10,5,0,0,0,"(0.5, 2.5, 10)",749.0,733.1062933036901,751.017,797.0,796.0,898.0,749.0,751.017
10,5,0,0,0,"(1.0, 2.5, 10)",840.0,840.4758244955739,844.584,883.0,941.0,1069.0,840.0,844.584
10,5,0,0,0,"(2.0, 2.5, 10)",1021.0,1021.954824669776,1031.718,1055.0,1231.0,1410.0,1021.0,1031.718
10,5,0,0,1,"(0.5, 2.5, 10)",1240.0,1163.8233561778102,1183.932,1301.0,1314.0,1338.0,1240.0,1183.932
10,5,0,0,1,"(1.0, 2.5, 10)",1331.0,1275.5428555117337,1296.677,1338.0,1473.0,1509.0,1331.0,1296.677
10,5,0,0,1,"(2.0, 2.5, 10)",1512.0,1498.9818551265057,1529.231,1512.0,1792.0,1850.0,1512.0,1529.231
10,6,0,0,0,"(0.5, 2.5, 10)",936.0,898.237711385463,907.915,899.0,976.0,995.0,936.0,907.915
10,6,0,0,0,"(1.0, 2.5, 10)",1022.0,984.7193802914792,998.024,984.0,1102.0,1132.0,1022.0,998.024
10,6,0,0,0,"(2.0, 2.5, 10)",1196.0,1155.3433803305766,1190.91,1155.0,1354.0,1408.0,1196.0,1158.107
10,6,0,0,1,"(0.5, 2.5, 10)",1553.0,1459.2265068750066,1494.973,1562.0,1576.0,1618.0,1567.0,1494.973
10,6,0,0,1,"(1.0, 2.5, 10)",1640.0,1553.4051103932063,1593.049,1573.0,1713.0,1757.0,1654.0,1593.049
10,6,0,0,1,"(2.0, 2.5, 10)",1813.0,1726.6511104051724,1789.202,1744.0,1989.0,2035.0,1827.0,1777.115
10,7,0,0,0,"(0.5, 2.5, 10)",913.0,848.2410281826094,859.772,904.0,887.0,986.0,916.0,859.772
10,7,0,0,0,"(1.0, 2.5, 10)",995.0,938.3056418207212,956.718,986.0,1013.0,1145.0,997.0,956.718
10,7,0,0,0,"(2.0, 2.5, 10)",1157.0,1116.6166418845762,1157.863,1187.0,1265.0,1464.0,1160.0,1157.863
10,7,0,0,1,"(0.5, 2.5, 10)",1467.0,1320.3305054168386,1372.06,1560.0,1450.0,1512.0,1467.0,1372.06
10,7,0,0,1,"(1.0, 2.5, 10)",1549.0,1421.925286841794,1437.823,1648.0,1585.0,1672.0,1549.0,1437.823
10,7,0,0,1,"(2.0, 2.5, 10)",1711.0,1612.7157072965952,1617.902,1825.0,1857.0,1990.0,1711.0,1617.902
10,8,0,0,0,"(0.5, 2.5, 10)",962.0,877.8420002104733,896.379,919.0,927.0,1010.0,962.0,896.379
10,8,0,0,0,"(1.0, 2.5, 10)",1050.0,981.3080004261666,988.837,1050.0,1051.0,1156.0,1050.0,988.837
10,8,0,0,0,"(2.0, 2.5, 10)",1227.0,1166.276357799349,1177.37,1227.0,1298.0,1449.0,1227.0,1179.538
10,8,0,0,1,"(0.5, 2.5, 10)",1604.0,1425.4663092501728,1476.047,1588.0,1561.0,1541.0,1604.0,1476.047
10,8,0,0,1,"(1.0, 2.5, 10)",1693.0,1548.9451711716265,1577.598,1672.0,1707.0,1687.0,1693.0,1577.598
10,8,0,0,1,"(2.0, 2.5, 10)",1869.0,1740.7974272353051,1761.955,1839.0,2000.0,1980.0,1869.0,1761.955
10,9,0,0,0,"(0.5, 2.5, 10)",942.0,854.9536414159709,870.146,854.0,1017.0,1054.0,942.0,870.146
10,9,0,0,0,"(1.0, 2.5, 10)",1029.0,950.060052737904,974.707,950.0,1165.0,1239.0,1029.0,974.707
10,9,0,0,0,"(2.0, 2.5, 10)",1201.0,1140.2731413217757,1153.138,1197.0,1461.0,1609.0,1201.0,1153.138
10,9,0,0,1,"(0.5, 2.5, 10)",1508.0,1411.1882821748436,1435.098,1563.0,1602.0,1574.0,1602.0,1435.098
10,9,0,0,1,"(1.0, 2.5, 10)",1594.0,1509.322974441749,1531.954,1653.0,1803.0,1759.0,1688.0,1531.954
10,9,0,0,1,"(2.0, 2.5, 10)",1766.0,1705.1359735774945,1725.667,1833.0,2206.0,2129.0,1861.0,1725.667
10,10,0,0,0,"(0.5, 2.5, 10)",969.0,939.2702629849924,960.903,1020.0,1031.0,1057.0,969.0,960.903
10,10,0,0,0,"(1.0, 2.5, 10)",1047.0,1038.2726182504036,1041.806,1080.0,1157.0,1201.0,1047.0,1047.01
10,10,0,0,0,"(2.0, 2.5, 10)",1201.0,1201.069352459814,1201.069,1247.0,1410.0,1489.0,1201.0,1201.373
10,10,0,0,1,"(0.5, 2.5, 10)",1660.0,1505.0712786934414,1537.864,1744.0,1713.0,1713.0,1660.0,1537.864
10,10,0,0,1,"(1.0, 2.5, 10)",1737.0,1618.5367786545396,1689.617,1822.0,1857.0,1857.0,1737.0,1673.289
10,10,0,0,1,"(2.0, 2.5, 10)",1891.0,1835.2508719529235,1861.635,1979.0,2145.0,2145.0,1891.0,1861.635
10,11,0,0,0,"(0.5, 2.5, 10)",980.0,867.7915217321759,875.473,964.0,974.0,1056.0,981.0,875.473
10,11,0,0,0,"(1.0, 2.5, 10)",1066.0,962.6130217352796,974.528,1036.0,1116.0,1228.0,1067.0,974.528
10,11,0,0,0,"(2.0, 2.5, 10)",1240.0,1152.2560217014764,1175.429,1159.0,1399.0,1573.0,1241.0,1175.429
10,11,0,0,1,"(0.5, 2.5, 10)",1609.0,1392.4890456903931,1430.592,1599.0,1536.0,1626.0,1644.0,1430.592
10,11,0,0,1,"(1.0, 2.5, 10)",1696.0,1487.310545616668,1511.504,1688.0,1687.0,1814.0,1731.0,1511.504
10,11,0,0,1,"(2.0, 2.5, 10)",1869.0,1676.953545635585,1704.058,1864.0,1988.0,2192.0,1904.0,1704.058
10,12,0,0,0,"(0.5, 2.5, 10)",745.0,716.279257556389,724.129,769.0,824.0,972.0,851.0,724.129
10,12,0,0,0,"(1.0, 2.5, 10)",841.0,818.7327451819303,822.543,845.0,978.0,1175.0,947.0,819.247
10,12,0,0,0,"(2.0, 2.5, 10)",1034.0,1015.1579977499482,1019.372,1050.0,1285.0,1581.0,1140.0,1019.372
10,12,0,0,1,"(0.5, 2.5, 10)",1211.0,1127.0313581980429,1171.774,1238.0,1358.0,1407.0,1362.0,1171.774
10,12,0,0,1,"(1.0, 2.5, 10)",1308.0,1227.6778578505598,1280.559,1300.0,1557.0,1610.0,1459.0,1280.559
10,12,0,0,1,"(2.0, 2.5, 10)",1501.0,1428.9708581091463,1497.521,1497.0,1955.0,2016.0,1652.0,1497.521
10,13,0,0,0,"(0.5, 2.5, 10)",792.0,780.824034182785,802.209,819.0,846.0,954.0,811.0,802.209
10,13,0,0,0,"(1.0, 2.5, 10)",884.0,882.1530341005117,906.402,915.0,987.0,1147.0,904.0,884.234
10,13,0,0,0,"(2.0, 2.5, 10)",1068.0,1068.55570168765,1068.556,1098.0,1268.0,1531.0,1088.0,1068.556
10,13,0,0,1,"(0.5, 2.5, 10)",1262.0,1215.5155741323338,1252.888,1333.0,1343.0,1358.0,1346.0,1252.888
10,13,0,0,1,"(1.0, 2.5, 10)",1354.0,1321.662641093444,1350.452,1427.0,1502.0,1528.0,1439.0,1350.452
10,13,0,0,1,"(2.0, 2.5, 10)",1539.0,1530.0706408780477,1553.11,1603.0,1821.0,1869.0,1623.0,1553.11
10,14,0,0,0,"(0.5, 2.5, 10)",825.0,767.5218826844639,794.12,857.0,847.0,899.0,890.0,794.12
10,14,0,0,0,"(1.0, 2.5, 10)",904.0,855.8268826716837,861.434,919.0,972.0,1044.0,968.0,861.434
10,14,0,0,0,"(2.0, 2.5, 10)",1060.0,1030.196277837226,1030.196,1094.0,1221.0,1334.0,1124.0,1030.196
10,14,0,0,1,"(0.5, 2.5, 10)",1391.0,1243.9062319752218,1284.207,1261.0,1393.0,1400.0,1468.0,1284.207
10,14,0,0,1,"(1.0, 2.5, 10)",1469.0,1335.3070481125687,1381.075,1350.0,1530.0,1545.0,1546.0,1381.075
10,14,0,0,1,"(2.0, 2.5, 10)",1626.0,1515.5910478451017,1557.07,1591.0,1804.0,1835.0,1703.0,1557.07
10,15,0,0,0,"(0.5, 2.5, 10)",834.0,762.1055006764354,762.106,830.0,851.0,881.0,906.0,762.106
10,15,0,0,0,"(1.0, 2.5, 10)",933.0,858.8345005314499,858.835,933.0,985.0,1028.0,1004.0,858.835
10,15,0,0,0,"(2.0, 2.5, 10)",1130.0,1052.2925006178689,1052.293,1130.0,1254.0,1322.0,1202.0,1052.293
10,15,0,0,1,"(0.5, 2.5, 10)",1352.0,1223.6877328043572,1241.134,1291.0,1352.0,1352.0,1476.0,1241.134
10,15,0,0,1,"(1.0, 2.5, 10)",1451.0,1324.0487332666958,1337.863,1437.0,1491.0,1491.0,1574.0,1337.863
10,15,0,0,1,"(2.0, 2.5, 10)",1648.0,1524.7707331626204,1531.321,1531.0,1767.0,1767.0,1772.0,1531.321
10,16,0,0,0,"(0.5, 2.5, 10)",816.0,759.1987260940571,759.318,802.0,823.0,896.0,908.0,759.318
10,16,0,0,0,"(1.0, 2.5, 10)",898.0,842.527226096171,843.605,890.0,962.0,1063.0,990.0,843.605
10,16,0,0,0,"(2.0, 2.5, 10)",1061.0,1009.1842263506146,1012.178,1066.0,1238.0,1397.0,1153.0,1012.178
10,16,0,0,1,"(0.5, 2.5, 10)",1395.0,1246.179465546806,1285.123,1270.0,1291.0,1347.0,1525.0,1285.123
10,16,0,0,1,"(1.0, 2.5, 10)",1477.0,1355.265843921465,1405.054,1355.0,1435.0,1520.0,1606.0,1365.58
10,16,0,0,1,"(2.0, 2.5, 10)",1640.0,1523.8388424671257,1532.237,1523.0,1724.0,1867.0,1769.0,1532.237
10,17,0,0,0,"(0.5, 2.5, 10)",833.0,762.7427044353991,778.709,880.0,875.0,918.0,833.0,778.709
10,17,0,0,0,"(1.0, 2.5, 10)",905.0,845.0578824442633,853.407,963.0,1008.0,1065.0,905.0,853.407
10,17,0,0,0,"(2.0, 2.5, 10)",1050.0,999.243882480895,1002.803,1116.0,1273.0,1359.0,1050.0,1002.803
10,17,0,0,1,"(0.5, 2.5, 10)",1370.0,1260.9838450588602,1284.73,1354.0,1395.0,1407.0,1461.0,1284.73
10,17,0,0,1,"(1.0, 2.5, 10)",1442.0,1341.8258443729767,1409.407,1579.0,1526.0,1546.0,1534.0,1359.428
10,17,0,0,1,"(2.0, 2.5, 10)",1587.0,1503.509845051906,1508.824,1712.0,1790.0,1825.0,1678.0,1508.824
10,18,0,0,0,"(0.5, 2.5, 10)",797.0,742.5459164654923,747.358,807.0,758.0,806.0,904.0,747.358
10,18,0,0,0,"(1.0, 2.5, 10)",884.0,841.1049165110926,846.605,881.0,865.0,935.0,992.0,846.605
10,18,0,0,0,"(2.0, 2.5, 10)",1060.0,1036.9190767874154,1050.2,1059.0,1078.0,1194.0,1167.0,1050.2
10,18,0,0,1,"(0.5, 2.5, 10)",1288.0,1132.3375965391692,1168.344,1313.0,1187.0,1235.0,1433.0,1168.344
10,18,0,0,1,"(1.0, 2.5, 10)",1376.0,1240.79117572668,1273.544,1365.0,1293.0,1364.0,1521.0,1273.544
10,18,0,0,1,"(2.0, 2.5, 10)",1551.0,1449.1619733153846,1486.446,1535.0,1506.0,1623.0,1696.0,1486.446
10,19,0,0,0,"(0.5, 2.5, 10)",824.0,802.9360072909441,832.154,852.0,900.0,954.0,839.0,826.438
10,19,0,0,0,"(1.0, 2.5, 10)",919.0,914.04700728575,946.554,931.0,1042.0,1138.0,934.0,919.995
10,19,0,0,0,"(2.0, 2.5, 10)",1111.0,1111.2010488580231,1111.201,1135.0,1326.0,1505.0,1125.0,1111.201
10,19,0,0,1,"(0.5, 2.5, 10)",1303.0,1243.5240071705086,1328.597,1376.0,1417.0,1466.0,1303.0,1328.597
10,19,0,0,1,"(1.0, 2.5, 10)",1398.0,1357.2838796442163,1448.239,1408.0,1559.0,1649.0,1398.0,1448.239
10,19,0,0,1,"(2.0, 2.5, 10)",1589.0,1586.6403829242315,1639.445,1606.0,1843.0,2017.0,1589.0,1648.131
15,0,0,0,0,"(0.5, 2.5, 10)",1351.0,,1281.16,1382.0,1402.0,1486.0,1353.0,1282.386
15,0,0,0,0,"(1.0, 2.5, 10)",1448.0,,1399.274,1453.0,1611.0,1725.0,1450.0,1414.804
15,0,0,0,0,"(2.0, 2.5, 10)",1640.0,,1646.271,1646.0,2030.0,2204.0,1643.0,1655.622
15,0,0,0,1,"(0.5, 2.5, 10)",2301.0,,2149.275,2292.0,2248.0,2280.0,2301.0,2130.156
15,0,0,0,1,"(1.0, 2.5, 10)",2398.0,,2272.228,2411.0,2476.0,2519.0,2398.0,2278.987
15,0,0,0,1,"(2.0, 2.5, 10)",2591.0,,2573.788,2588.0,2933.0,2998.0,2591.0,2532.087
15,1,0,0,0,"(0.5, 2.5, 10)",1295.0,,1271.699,1351.0,1450.0,1553.0,1295.0,1271.699
15,1,0,0,0,"(1.0, 2.5, 10)",1381.0,,1367.674,1447.0,1633.0,1781.0,1381.0,1367.674
15,1,0,0,0,"(2.0, 2.5, 10)",1554.0,,1530.673,1602.0,2001.0,2238.0,1554.0,1530.673
15,1,0,0,1,"(0.5, 2.5, 10)",2161.0,,2148.96,2357.0,2345.0,2395.0,2161.0,2143.186
15,1,0,0,1,"(1.0, 2.5, 10)",2247.0,,2248.757,2435.0,2532.0,2623.0,2247.0,2274.22
15,1,0,0,1,"(2.0, 2.5, 10)",2420.0,,2437.801,2608.0,2904.0,3080.0,2420.0,2444.654
15,2,0,0,0,"(0.5, 2.5, 10)",1190.0,,1120.466,1188.0,1226.0,1269.0,1190.0,1121.623
15,2,0,0,0,"(1.0, 2.5, 10)",1278.0,,1225.798,1272.0,1382.0,1451.0,1278.0,1243.973
15,2,0,0,0,"(2.0, 2.5, 10)",1455.0,,1415.549,1449.0,1693.0,1815.0,1455.0,1446.939
15,2,0,0,1,"(0.5, 2.5, 10)",2033.0,,1883.314,2030.0,1964.0,1964.0,2033.0,1864.432
15,2,0,0,1,"(1.0, 2.5, 10)",2122.0,,1965.218,2062.0,2146.0,2146.0,2122.0,1965.218
15,2,0,0,1,"(2.0, 2.5, 10)",2298.0,,2166.789,2253.0,2510.0,2510.0,2298.0,2283.247
15,3,0,0,0,"(0.5, 2.5, 10)",1199.0,,1127.163,1142.0,1281.0,1357.0,1201.0,1125.911
15,3,0,0,0,"(1.0, 2.5, 10)",1282.0,,1200.121,1231.0,1477.0,1582.0,1284.0,1200.492
15,3,0,0,0,"(2.0, 2.5, 10)",1449.0,,1364.517,1395.0,1869.0,2032.0,1451.0,1376.156
15,3,0,0,1,"(0.5, 2.5, 10)",2021.0,,1872.621,2043.0,1979.0,2051.0,2021.0,1873.758
15,3,0,0,1,"(1.0, 2.5, 10)",2105.0,,1971.149,2033.0,2164.0,2276.0,2105.0,1971.149
15,3,0,0,1,"(2.0, 2.5, 10)",2272.0,,2185.139,2199.0,2532.0,2726.0,2272.0,2166.484
15,4,0,0,0,"(0.5, 2.5, 10)",1527.0,,1515.269,1528.0,1578.0,1658.0,1642.0,1515.269
15,4,0,0,0,"(1.0, 2.5, 10)",1634.0,,1642.195,1654.0,1737.0,1871.0,1749.0,1635.891
15,4,0,0,0,"(2.0, 2.5, 10)",1847.0,,1871.345,1879.0,2055.0,2295.0,1963.0,1870.787
15,4,0,0,1,"(0.5, 2.5, 10)",2579.0,,2499.144,2603.0,2614.0,2650.0,2846.0,2499.144
15,4,0,0,1,"(1.0, 2.5, 10)",2686.0,,2644.657,2735.0,2802.0,2857.0,2953.0,2644.657
15,4,0,0,1,"(2.0, 2.5, 10)",2900.0,,2930.708,2930.0,3179.0,3271.0,3167.0,2899.562
15,5,0,0,0,"(0.5, 2.5, 10)",1356.0,,1309.634,1375.0,1409.0,1667.0,1471.0,1291.744
15,5,0,0,0,"(1.0, 2.5, 10)",1458.0,,1405.99,1497.0,1598.0,1942.0,1573.0,1417.93
15,5,0,0,0,"(2.0, 2.5, 10)",1663.0,,1617.567,1675.0,1975.0,2493.0,1778.0,1611.354
15,5,0,0,1,"(0.5, 2.5, 10)",2258.0,,2146.001,2192.0,2311.0,2519.0,2485.0,2138.173
15,5,0,0,1,"(1.0, 2.5, 10)",2361.0,,2270.498,2300.0,2538.0,2795.0,2587.0,2270.382
15,5,0,0,1,"(2.0, 2.5, 10)",2565.0,,2462.288,2513.0,2992.0,3345.0,2792.0,2459.418
15,6,0,0,0,"(0.5, 2.5, 10)",1377.0,,1339.536,1366.0,1431.0,1557.0,1382.0,1331.267
15,6,0,0,0,"(1.0, 2.5, 10)",1492.0,,1452.918,1452.0,1623.0,1812.0,1497.0,1448.648
15,6,0,0,0,"(2.0, 2.5, 10)",1721.0,,1675.699,1669.0,2009.0,2323.0,1726.0,1683.41
15,6,0,0,1,"(0.5, 2.5, 10)",2304.0,,2283.189,2291.0,2378.0,2431.0,2304.0,2283.189
15,6,0,0,1,"(1.0, 2.5, 10)",2418.0,,2379.894,2415.0,2589.0,2687.0,2418.0,2379.894
15,6,0,0,1,"(2.0, 2.5, 10)",2647.0,,2593.96,2608.0,3010.0,3197.0,2647.0,2583.469
15,7,0,0,0,"(0.5, 2.5, 10)",1401.0,,1394.236,1466.0,1497.0,1612.0,1459.0,1395.775
15,7,0,0,0,"(1.0, 2.5, 10)",1501.0,,1518.009,1574.0,1674.0,1850.0,1559.0,1495.923
15,7,0,0,0,"(2.0, 2.5, 10)",1701.0,,1701.084,1773.0,2029.0,2324.0,1759.0,1701.084
15,7,0,0,1,"(0.5, 2.5, 10)",2383.0,,2301.881,2442.0,2492.0,2547.0,2473.0,2315.095
15,7,0,0,1,"(1.0, 2.5, 10)",2483.0,,2427.423,2545.0,2710.0,2794.0,2573.0,2440.492
15,7,0,0,1,"(2.0, 2.5, 10)",2683.0,,2699.191,2678.0,3146.0,3289.0,2773.0,2681.933
15,8,0,0,0,"(0.5, 2.5, 10)",1185.0,,1169.805,1193.0,1277.0,1406.0,1185.0,1169.805
15,8,0,0,0,"(1.0, 2.5, 10)",1280.0,,1277.375,1280.0,1442.0,1643.0,1280.0,1284.161
15,8,0,0,0,"(2.0, 2.5, 10)",1470.0,,1465.247,1475.0,1772.0,2116.0,1470.0,1456.721
15,8,0,0,1,"(0.5, 2.5, 10)",2010.0,,1948.795,2123.0,2040.0,2139.0,2010.0,1948.795
15,8,0,0,1,"(1.0, 2.5, 10)",2105.0,,2052.902,2109.0,2227.0,2375.0,2105.0,2052.902
15,8,0,0,1,"(2.0, 2.5, 10)",2295.0,,2258.316,2341.0,2601.0,2848.0,2295.0,2258.316
15,9,0,0,0,"(0.5, 2.5, 10)",1469.0,,1484.911,1473.0,1626.0,1700.0,1469.0,1484.911
15,9,0,0,0,"(1.0, 2.5, 10)",1565.0,,1561.992,1588.0,1800.0,1912.0,1565.0,1561.992
15,9,0,0,0,"(2.0, 2.5, 10)",1758.0,,1758.787,1774.0,2147.0,2338.0,1758.0,1758.787
15,9,0,0,1,"(0.5, 2.5, 10)",2551.0,,2604.439,2570.0,2667.0,2718.0,2589.0,2548.989
15,9,0,0,1,"(1.0, 2.5, 10)",2648.0,,2695.028,2674.0,2853.0,2931.0,2685.0,2648.652
15,9,0,0,1,"(2.0, 2.5, 10)",2841.0,,2866.306,2872.0,3225.0,3356.0,2878.0,2840.735
15,10,0,0,0,"(0.5, 2.5, 10)",1293.0,,1250.535,1324.0,1361.0,1514.0,1317.0,1251.255
15,10,0,0,0,"(1.0, 2.5, 10)",1381.0,,1365.077,1387.0,1536.0,1754.0,1406.0,1365.077
15,10,0,0,0,"(2.0, 2.5, 10)",1559.0,,1556.292,1559.0,1886.0,2234.0,1583.0,1559.104
15,10,0,0,1,"(0.5, 2.5, 10)",2195.0,,2084.349,2223.0,2247.0,2320.0,2245.0,2084.349
15,10,0,0,1,"(1.0, 2.5, 10)",2283.0,,2213.375,2323.0,2443.0,2552.0,2334.0,2188.999
15,10,0,0,1,"(2.0, 2.5, 10)",2461.0,,2398.691,2503.0,2834.0,3014.0,2511.0,2398.691
15,11,0,0,0,"(0.5, 2.5, 10)",1311.0,,1289.613,1320.0,1386.0,1514.0,1311.0,1297.954
15,11,0,0,0,"(1.0, 2.5, 10)",1407.0,,1411.789,1406.0,1558.0,1735.0,1407.0,1401.75
15,11,0,0,0,"(2.0, 2.5, 10)",1599.0,,1643.351,1596.0,1901.0,2179.0,1599.0,1595.68
15,11,0,0,1,"(0.5, 2.5, 10)",2212.0,,2117.483,2139.0,2290.0,2303.0,2212.0,2117.483
15,11,0,0,1,"(1.0, 2.5, 10)",2308.0,,2231.437,2238.0,2497.0,2525.0,2308.0,2231.437
15,11,0,0,1,"(2.0, 2.5, 10)",2500.0,,2441.073,2479.0,2912.0,2969.0,2500.0,2441.073
15,12,0,0,0,"(0.5, 2.5, 10)",1314.0,,1243.9,1250.0,1314.0,1359.0,1356.0,1229.107
15,12,0,0,0,"(1.0, 2.5, 10)",1423.0,,1370.912,1400.0,1484.0,1551.0,1465.0,1337.005
15,12,0,0,0,"(2.0, 2.5, 10)",1641.0,,1550.569,1623.0,1824.0,1934.0,1682.0,1550.569
15,12,0,0,1,"(0.5, 2.5, 10)",2189.0,,2049.081,2217.0,2174.0,2170.0,2267.0,2029.541
15,12,0,0,1,"(1.0, 2.5, 10)",2298.0,,2163.563,2169.0,2366.0,2359.0,2376.0,2163.563
15,12,0,0,1,"(2.0, 2.5, 10)",2515.0,,2389.571,2392.0,2749.0,2737.0,2594.0,2389.571
15,13,0,0,0,"(0.5, 2.5, 10)",1336.0,,1349.208,1391.0,1505.0,1645.0,1336.0,1349.208
15,13,0,0,0,"(1.0, 2.5, 10)",1432.0,,1423.088,1431.0,1703.0,1910.0,1432.0,1423.088
15,13,0,0,0,"(2.0, 2.5, 10)",1623.0,,1623.485,1639.0,2099.0,2438.0,1623.0,1623.485
15,13,0,0,1,"(0.5, 2.5, 10)",2294.0,,2223.94,2362.0,2408.0,2509.0,2294.0,2236.359
15,13,0,0,1,"(1.0, 2.5, 10)",2390.0,,2346.074,2482.0,2608.0,2767.0,2390.0,2346.074
15,13,0,0,1,"(2.0, 2.5, 10)",2582.0,,2556.734,2602.0,3009.0,3282.0,2582.0,2556.734
15,14,0,0,0,"(0.5, 2.5, 10)",1360.0,,1331.603,1382.0,1404.0,1507.0,1360.0,1343.838
15,14,0,0,0,"(1.0, 2.5, 10)",1459.0,,1451.07,1474.0,1551.0,1726.0,1459.0,1451.07
15,14,0,0,0,"(2.0, 2.5, 10)",1657.0,,1669.084,1674.0,1847.0,2164.0,1657.0,1669.084
15,14,0,0,1,"(0.5, 2.5, 10)",2329.0,,2153.296,2285.0,2342.0,2393.0,2329.0,2167.975
15,14,0,0,1,"(1.0, 2.5, 10)",2428.0,,2319.067,2389.0,2537.0,2633.0,2428.0,2319.067
15,14,0,0,1,"(2.0, 2.5, 10)",2627.0,,2562.768,2597.0,2927.0,3114.0,2627.0,2562.768
15,15,0,0,0,"(0.5, 2.5, 10)",1330.0,,1228.591,1375.0,1357.0,1620.0,1425.0,1228.591
15,15,0,0,0,"(1.0, 2.5, 10)",1445.0,,1341.263,1492.0,1536.0,1899.0,1540.0,1341.263
15,15,0,0,0,"(2.0, 2.5, 10)",1676.0,,1566.608,1707.0,1896.0,2456.0,1770.0,1566.608
15,15,0,0,1,"(0.5, 2.5, 10)",2215.0,,2115.398,2211.0,2274.0,2391.0,2356.0,2109.142
15,15,0,0,1,"(1.0, 2.5, 10)",2330.0,,2227.575,2281.0,2478.0,2663.0,2471.0,2227.575
15,15,0,0,1,"(2.0, 2.5, 10)",2561.0,,2403.74,2518.0,2885.0,3208.0,2701.0,2403.74
15,16,0,0,0,"(0.5, 2.5, 10)",1307.0,,1320.822,1356.0,1417.0,1564.0,1462.0,1313.714
15,16,0,0,0,"(1.0, 2.5, 10)",1404.0,,1409.259,1402.0,1610.0,1826.0,1560.0,1409.259
15,16,0,0,0,"(2.0, 2.5, 10)",1600.0,,1685.222,1610.0,1995.0,2351.0,1756.0,1600.527
15,16,0,0,1,"(0.5, 2.5, 10)",2198.0,,2220.801,2400.0,2305.0,2370.0,2536.0,2175.171
15,16,0,0,1,"(1.0, 2.5, 10)",2296.0,,2296.283,2539.0,2548.0,2641.0,2634.0,2296.283
15,16,0,0,1,"(2.0, 2.5, 10)",2491.0,,2491.925,2738.0,3035.0,3182.0,2830.0,2491.925
15,17,0,0,0,"(0.5, 2.5, 10)",1207.0,,1166.366,1178.0,1316.0,1464.0,1207.0,1166.366
15,17,0,0,0,"(1.0, 2.5, 10)",1301.0,,1280.434,1273.0,1505.0,1713.0,1301.0,1267.534
15,17,0,0,0,"(2.0, 2.5, 10)",1490.0,,1479.385,1462.0,1882.0,2210.0,1490.0,1454.555
15,17,0,0,1,"(0.5, 2.5, 10)",2057.0,,1974.403,2105.0,2078.0,2186.0,2057.0,1964.462
15,17,0,0,1,"(1.0, 2.5, 10)",2151.0,,2079.897,2209.0,2261.0,2412.0,2151.0,2099.534
15,17,0,0,1,"(2.0, 2.5, 10)",2340.0,,2332.207,2396.0,2627.0,2863.0,2340.0,2290.698
15,18,0,0,0,"(0.5, 2.5, 10)",1426.0,,1410.263,1444.0,1529.0,1685.0,1426.0,1412.935
15,18,0,0,0,"(1.0, 2.5, 10)",1518.0,,1499.247,1520.0,1716.0,1940.0,1518.0,1517.915
15,18,0,0,0,"(2.0, 2.5, 10)",1702.0,,1696.368,1703.0,2089.0,2450.0,1702.0,1696.368
15,18,0,0,1,"(0.5, 2.5, 10)",2432.0,,2360.313,2445.0,2660.0,2660.0,2465.0,2378.459
15,18,0,0,1,"(1.0, 2.5, 10)",2524.0,,2483.525,2537.0,2915.0,2915.0,2557.0,2483.525
15,18,0,0,1,"(2.0, 2.5, 10)",2708.0,,2674.413,2736.0,3425.0,3425.0,2741.0,2674.413
15,19,0,0,0,"(0.5, 2.5, 10)",1426.0,,1391.192,1428.0,1482.0,1602.0,1436.0,1373.183
15,19,0,0,0,"(1.0, 2.5, 10)",1531.0,,1520.066,1522.0,1670.0,1836.0,1541.0,1523.487
15,19,0,0,0,"(2.0, 2.5, 10)",1741.0,,1736.234,1710.0,2045.0,2305.0,1751.0,1725.024
15,19,0,0,1,"(0.5, 2.5, 10)",2377.0,,2314.297,2488.0,2344.0,2492.0,2479.0,2247.242
15,19,0,0,1,"(1.0, 2.5, 10)",2482.0,,2387.123,2577.0,2556.0,2744.0,2584.0,2419.938
15,19,0,0,1,"(2.0, 2.5, 10)",2692.0,,2607.148,2756.0,2981.0,3248.0,2794.0,2616.744
20,0,0,0,0,"(0.5, 2.5, 10)",1693.0,,1697.232,1766.0,1863.0,2067.0,1757.0,1686.492
20,0,0,0,0,"(1.0, 2.5, 10)",1794.0,,1799.12,1878.0,2119.0,2426.0,1858.0,1804.009
20,0,0,0,0,"(2.0, 2.5, 10)",1995.0,,2069.165,2090.0,2630.0,3142.0,2059.0,1991.114
20,0,0,0,1,"(0.5, 2.5, 10)",2845.0,,2822.328,3059.0,3079.0,3186.0,3042.0,2821.95
20,0,0,0,1,"(1.0, 2.5, 10)",2945.0,,2979.627,3036.0,3379.0,3555.0,3143.0,2933.848
20,0,0,0,1,"(2.0, 2.5, 10)",3147.0,,3140.744,3250.0,3981.0,4295.0,3344.0,3140.744
20,1,0,0,0,"(0.5, 2.5, 10)",1803.0,,1805.225,1860.0,2039.0,2148.0,1846.0,1792.057
20,1,0,0,0,"(1.0, 2.5, 10)",1907.0,,1915.766,1955.0,2304.0,2460.0,1949.0,1903.78
20,1,0,0,0,"(2.0, 2.5, 10)",2114.0,,2191.511,2170.0,2834.0,3084.0,2157.0,2124.719
20,1,0,0,1,"(0.5, 2.5, 10)",3115.0,,3096.096,3214.0,3344.0,3388.0,3288.0,3097.839
20,1,0,0,1,"(1.0, 2.5, 10)",3219.0,,3223.525,3344.0,3636.0,3704.0,3391.0,3223.525
20,1,0,0,1,"(2.0, 2.5, 10)",3426.0,,3488.114,3564.0,4218.0,4335.0,3598.0,3381.309
20,2,0,0,0,"(0.5, 2.5, 10)",1618.0,,1577.071,1608.0,1681.0,1908.0,1618.0,1563.014
20,2,0,0,0,"(1.0, 2.5, 10)",1725.0,,1698.405,1735.0,1890.0,2228.0,1725.0,1712.607
20,2,0,0,0,"(2.0, 2.5, 10)",1938.0,,1933.705,1931.0,2307.0,2867.0,1938.0,1940.209
20,2,0,0,1,"(0.5, 2.5, 10)",2773.0,,2663.57,2754.0,2801.0,2895.0,2773.0,2645.932
20,2,0,0,1,"(1.0, 2.5, 10)",2879.0,,2789.296,2819.0,3053.0,3202.0,2879.0,2791.398
20,2,0,0,1,"(2.0, 2.5, 10)",3093.0,,3024.157,3096.0,3556.0,3817.0,3093.0,2983.061
20,3,0,0,0,"(0.5, 2.5, 10)",1527.0,,1506.642,1552.0,1647.0,1821.0,1527.0,1512.995
20,3,0,0,0,"(1.0, 2.5, 10)",1635.0,,1629.686,1652.0,1868.0,2121.0,1635.0,1605.714
20,3,0,0,0,"(2.0, 2.5, 10)",1850.0,,1824.338,1845.0,2309.0,2723.0,1850.0,1824.338
20,3,0,0,1,"(0.5, 2.5, 10)",2590.0,,2491.084,2672.0,2712.0,2768.0,2590.0,2497.719
20,3,0,0,1,"(1.0, 2.5, 10)",2698.0,,2609.624,2788.0,2971.0,3049.0,2698.0,2581.9
20,3,0,0,1,"(2.0, 2.5, 10)",2913.0,,2781.502,2957.0,3487.0,3611.0,2913.0,2823.993
20,4,0,0,0,"(0.5, 2.5, 10)",1905.0,,1910.13,1944.0,2004.0,2226.0,1905.0,1903.409
20,4,0,0,0,"(1.0, 2.5, 10)",2017.0,,2045.852,2005.0,2209.0,2533.0,2017.0,2039.967
20,4,0,0,0,"(2.0, 2.5, 10)",2240.0,,2303.217,2214.0,2619.0,3148.0,2240.0,2270.938
20,4,0,0,1,"(0.5, 2.5, 10)",3318.0,,3280.564,3306.0,3474.0,3522.0,3318.0,3264.537
20,4,0,0,1,"(1.0, 2.5, 10)",3430.0,,3408.561,3399.0,3743.0,3835.0,3430.0,3408.561
20,4,0,0,1,"(2.0, 2.5, 10)",3654.0,,3638.934,3633.0,4282.0,4462.0,3654.0,3638.934
20,5,0,0,0,"(0.5, 2.5, 10)",1736.0,,1678.567,1715.0,1912.0,2009.0,1736.0,1679.617
20,5,0,0,0,"(1.0, 2.5, 10)",1855.0,,1798.381,1848.0,2144.0,2309.0,1855.0,1776.459
20,5,0,0,0,"(2.0, 2.5, 10)",2092.0,,2043.924,2026.0,2609.0,2909.0,2092.0,2034.395
20,5,0,0,1,"(0.5, 2.5, 10)",3006.0,,2803.563,2945.0,3080.0,3148.0,3055.0,2814.034
20,5,0,0,1,"(1.0, 2.5, 10)",3124.0,,2923.815,3063.0,3369.0,3448.0,3173.0,2923.815
20,5,0,0,1,"(2.0, 2.5, 10)",3361.0,,3293.411,3269.0,3947.0,4046.0,3410.0,3185.43
20,6,0,0,0,"(0.5, 2.5, 10)",1837.0,,1762.349,1778.0,1880.0,2072.0,1892.0,1778.196
20,6,0,0,0,"(1.0, 2.5, 10)",1953.0,,1899.966,1937.0,2082.0,2353.0,2007.0,1883.851
20,6,0,0,0,"(2.0, 2.5, 10)",2184.0,,2177.056,2116.0,2487.0,2913.0,2238.0,2152.09
20,6,0,0,1,"(0.5, 2.5, 10)",3210.0,,2983.073,3078.0,3144.0,3217.0,3231.0,2983.892
20,6,0,0,1,"(1.0, 2.5, 10)",3326.0,,3111.552,3196.0,3386.0,3485.0,3347.0,3118.834
20,6,0,0,1,"(2.0, 2.5, 10)",3557.0,,3401.709,3405.0,3869.0,4020.0,3578.0,3408.084
20,7,0,0,0,"(0.5, 2.5, 10)",1917.0,,1900.895,1934.0,1966.0,2084.0,1950.0,1889.374
20,7,0,0,0,"(1.0, 2.5, 10)",2030.0,,2045.253,2017.0,2172.0,2340.0,2063.0,2045.253
20,7,0,0,0,"(2.0, 2.5, 10)",2256.0,,2275.246,2283.0,2585.0,2853.0,2289.0,2256.355
20,7,0,0,1,"(0.5, 2.5, 10)",3379.0,,3163.66,3313.0,3283.0,3347.0,3389.0,3172.571
20,7,0,0,1,"(1.0, 2.5, 10)",3492.0,,3371.256,3419.0,3515.0,3598.0,3502.0,3332.66
20,7,0,0,1,"(2.0, 2.5, 10)",3718.0,,3698.772,3663.0,3979.0,4100.0,3729.0,3671.716
20,8,0,0,0,"(0.5, 2.5, 10)",1684.0,,1656.111,1730.0,1773.0,1860.0,1684.0,1658.415
20,8,0,0,0,"(1.0, 2.5, 10)",1799.0,,1788.187,1821.0,1988.0,2114.0,1799.0,1785.072
20,8,0,0,0,"(2.0, 2.5, 10)",2029.0,,2071.137,2047.0,2418.0,2623.0,2029.0,2038.159
20,8,0,0,1,"(0.5, 2.5, 10)",2869.0,,2817.748,2966.0,2886.0,2925.0,2869.0,2782.267
20,8,0,0,1,"(1.0, 2.5, 10)",2984.0,,2933.002,3093.0,3117.0,3180.0,2984.0,2902.595
20,8,0,0,1,"(2.0, 2.5, 10)",3214.0,,3196.824,3296.0,3579.0,3689.0,3214.0,3160.805
20,9,0,0,0,"(0.5, 2.5, 10)",2090.0,,2073.457,2111.0,2160.0,2404.0,2090.0,2039.887
20,9,0,0,0,"(1.0, 2.5, 10)",2188.0,,2143.234,2216.0,2386.0,2720.0,2188.0,2177.669
20,9,0,0,0,"(2.0, 2.5, 10)",2384.0,,2327.34,2396.0,2837.0,3352.0,2384.0,2392.757
20,9,0,0,1,"(0.5, 2.5, 10)",3675.0,,3377.17,3648.0,3660.0,3750.0,3675.0,3389.436
20,9,0,0,1,"(1.0, 2.5, 10)",3773.0,,3637.352,3681.0,3925.0,4078.0,3773.0,3594.455
20,9,0,0,1,"(2.0, 2.5, 10)",3970.0,,3863.055,3889.0,4457.0,4734.0,3970.0,3901.729
20,10,0,0,0,"(0.5, 2.5, 10)",1721.0,,1748.877,1829.0,1874.0,1990.0,1810.0,1748.877
20,10,0,0,0,"(1.0, 2.5, 10)",1820.0,,1852.382,1921.0,2088.0,2256.0,1908.0,1828.101
20,10,0,0,0,"(2.0, 2.5, 10)",2018.0,,2066.238,2102.0,2515.0,2787.0,2106.0,2018.063
20,10,0,0,1,"(0.5, 2.5, 10)",2985.0,,2887.97,3036.0,3155.0,3192.0,3202.0,2904.099
20,10,0,0,1,"(1.0, 2.5, 10)",3084.0,,3020.369,3062.0,3416.0,3462.0,3300.0,3046.737
20,10,0,0,1,"(2.0, 2.5, 10)",3282.0,,3246.438,3272.0,3938.0,4002.0,3498.0,3269.241
20,11,0,0,0,"(0.5, 2.5, 10)",1651.0,,1608.735,1661.0,1750.0,1846.0,1700.0,1579.858
20,11,0,0,0,"(1.0, 2.5, 10)",1757.0,,1742.618,1761.0,1967.0,2103.0,1806.0,1731.268
20,11,0,0,0,"(2.0, 2.5, 10)",1968.0,,1997.98,1979.0,2401.0,2617.0,2018.0,1947.585
20,11,0,0,1,"(0.5, 2.5, 10)",2884.0,,2666.831,2967.0,2916.0,2931.0,2936.0,2650.147
20,11,0,0,1,"(1.0, 2.5, 10)",2990.0,,2805.354,2945.0,3155.0,3194.0,3042.0,2779.174
20,11,0,0,1,"(2.0, 2.5, 10)",3202.0,,3091.05,3161.0,3633.0,3722.0,3254.0,3065.239
20,12,0,0,0,"(0.5, 2.5, 10)",1807.0,,1722.392,1788.0,1835.0,1936.0,1811.0,1718.317
20,12,0,0,0,"(1.0, 2.5, 10)",1924.0,,1821.418,1862.0,2035.0,2194.0,1929.0,1840.343
20,12,0,0,0,"(2.0, 2.5, 10)",2158.0,,2102.363,2069.0,2435.0,2708.0,2163.0,2080.328
20,12,0,0,1,"(0.5, 2.5, 10)",3047.0,,2922.64,3122.0,3031.0,3039.0,3136.0,2907.358
20,12,0,0,1,"(1.0, 2.5, 10)",3164.0,,3071.982,3246.0,3271.0,3285.0,3253.0,3063.505
20,12,0,0,1,"(2.0, 2.5, 10)",3398.0,,3293.182,3409.0,3749.0,3777.0,3488.0,3296.0
20,13,0,0,0,"(0.5, 2.5, 10)",1824.0,,1861.859,1865.0,1976.0,2160.0,1905.0,1848.563
20,13,0,0,0,"(1.0, 2.5, 10)",1937.0,,1969.948,1987.0,2182.0,2469.0,2018.0,1941.247
20,13,0,0,0,"(2.0, 2.5, 10)",2162.0,,2207.518,2188.0,2594.0,3088.0,2243.0,2152.906
20,13,0,0,1,"(0.5, 2.5, 10)",3110.0,,3128.974,3219.0,3330.0,3373.0,3367.0,3138.742
20,13,0,0,1,"(1.0, 2.5, 10)",3223.0,,3276.27,3355.0,3593.0,3662.0,3479.0,3275.968
20,13,0,0,1,"(2.0, 2.5, 10)",3448.0,,3468.359,3536.0,4120.0,4238.0,3704.0,3459.38
20,14,0,0,0,"(0.5, 2.5, 10)",1807.0,,1671.119,1815.0,1836.0,1966.0,1873.0,1653.708
20,14,0,0,0,"(1.0, 2.5, 10)",1926.0,,1784.796,1932.0,2061.0,2250.0,1992.0,1795.785
20,14,0,0,0,"(2.0, 2.5, 10)",2162.0,,2044.699,2137.0,2509.0,2818.0,2229.0,2022.246
20,14,0,0,1,"(0.5, 2.5, 10)",3127.0,,2773.022,3219.0,3041.0,3071.0,3253.0,2794.178
20,14,0,0,1,"(1.0, 2.5, 10)",3245.0,,2929.427,3161.0,3306.0,3361.0,3371.0,2923.467
20,14,0,0,1,"(2.0, 2.5, 10)",3482.0,,3172.49,3423.0,3836.0,3939.0,3608.0,3172.49
20,15,0,0,0,"(0.5, 2.5, 10)",1863.0,,1861.05,1932.0,2048.0,2260.0,1925.0,1844.443
20,15,0,0,0,"(1.0, 2.5, 10)",1979.0,,1996.746,2032.0,2292.0,2602.0,2041.0,1963.112
20,15,0,0,0,"(2.0, 2.5, 10)",2211.0,,2229.053,2248.0,2780.0,3288.0,2273.0,2217.842
20,15,0,0,1,"(0.5, 2.5, 10)",3180.0,,3082.047,3202.0,3396.0,3505.0,3268.0,3109.036
20,15,0,0,1,"(1.0, 2.5, 10)",3296.0,,3323.28,3327.0,3682.0,3848.0,3384.0,3250.153
20,15,0,0,1,"(2.0, 2.5, 10)",3528.0,,3517.198,3553.0,4256.0,4533.0,3617.0,3547.906
20,16,0,0,0,"(0.5, 2.5, 10)",1667.0,,1601.291,1701.0,1744.0,1983.0,1677.0,1588.627
20,16,0,0,0,"(1.0, 2.5, 10)",1780.0,,1730.143,1820.0,1950.0,2311.0,1790.0,1714.449
20,16,0,0,0,"(2.0, 2.5, 10)",2005.0,,2010.008,2060.0,2362.0,2966.0,2015.0,2010.008
20,16,0,0,1,"(0.5, 2.5, 10)",2876.0,,2704.947,2789.0,2925.0,3055.0,2882.0,2713.748
20,16,0,0,1,"(1.0, 2.5, 10)",2988.0,,2847.207,2985.0,3183.0,3383.0,2995.0,2807.14
20,16,0,0,1,"(2.0, 2.5, 10)",3214.0,,3087.967,3175.0,3699.0,4038.0,3221.0,3087.967
20,17,0,0,0,"(0.5, 2.5, 10)",1677.0,,1561.177,1654.0,1757.0,1837.0,1703.0,1563.848
20,17,0,0,0,"(1.0, 2.5, 10)",1780.0,,1703.143,1798.0,1995.0,2116.0,1806.0,1691.756
20,17,0,0,0,"(2.0, 2.5, 10)",1986.0,,1931.106,2005.0,2470.0,2673.0,2011.0,1931.106
20,17,0,0,1,"(0.5, 2.5, 10)",2944.0,,2628.255,2877.0,2783.0,2848.0,3028.0,2605.152
20,17,0,0,1,"(1.0, 2.5, 10)",3047.0,,2772.845,2978.0,3019.0,3125.0,3130.0,2772.324
20,17,0,0,1,"(2.0, 2.5, 10)",3252.0,,3028.191,3220.0,3491.0,3680.0,3336.0,3046.456
20,18,0,0,0,"(0.5, 2.5, 10)",1824.0,,1760.304,1797.0,1912.0,2049.0,1824.0,1760.304
20,18,0,0,0,"(1.0, 2.5, 10)",1922.0,,1847.826,1903.0,2129.0,2325.0,1922.0,1847.826
20,18,0,0,0,"(2.0, 2.5, 10)",2119.0,,2068.232,2100.0,2564.0,2876.0,2119.0,2068.232
20,18,0,0,1,"(0.5, 2.5, 10)",3228.0,,2985.389,3129.0,3210.0,3241.0,3228.0,3000.302
20,18,0,0,1,"(1.0, 2.5, 10)",3327.0,,3132.144,3238.0,3457.0,3520.0,3327.0,3118.684
20,18,0,0,1,"(2.0, 2.5, 10)",3523.0,,3382.316,3445.0,3951.0,4079.0,3523.0,3382.316
20,19,0,0,0,"(0.5, 2.5, 10)",1779.0,,1801.311,1786.0,1931.0,2002.0,1792.0,1803.419
20,19,0,0,0,"(1.0, 2.5, 10)",1890.0,,1926.804,1893.0,2158.0,2255.0,1903.0,1901.66
20,19,0,0,0,"(2.0, 2.5, 10)",2112.0,,2151.007,2113.0,2612.0,2763.0,2125.0,2099.595
20,19,0,0,1,"(0.5, 2.5, 10)",3101.0,,3015.206,3190.0,3215.0,3194.0,3101.0,3027.128
20,19,0,0,1,"(1.0, 2.5, 10)",3212.0,,3168.001,3291.0,3443.0,3453.0,3212.0,3130.715
20,19,0,0,1,"(2.0, 2.5, 10)",3434.0,,3362.339,3568.0,3900.0,3971.0,3434.0,3347.307
25,0,0,0,0,"(0.5, 2.5, 10)",2354.0,,2372.284,2377.0,2517.0,2822.0,2385.0,2383.752
25,0,0,0,0,"(1.0, 2.5, 10)",2469.0,,2549.671,2493.0,2749.0,3190.0,2500.0,2504.485
25,0,0,0,0,"(2.0, 2.5, 10)",2698.0,,2720.895,2735.0,3213.0,3924.0,2729.0,2720.386
25,0,0,0,1,"(0.5, 2.5, 10)",4160.0,,4078.778,4172.0,4379.0,4523.0,4233.0,4105.662
25,0,0,0,1,"(1.0, 2.5, 10)",4275.0,,4249.193,4316.0,4680.0,4905.0,4348.0,4255.954
25,0,0,0,1,"(2.0, 2.5, 10)",4504.0,,4542.773,4601.0,5281.0,5670.0,4577.0,4536.795
25,1,0,0,0,"(0.5, 2.5, 10)",2307.0,,2242.55,2278.0,2454.0,2680.0,2307.0,2248.249
25,1,0,0,0,"(1.0, 2.5, 10)",2425.0,,2405.453,2385.0,2720.0,3061.0,2425.0,2346.959
25,1,0,0,0,"(2.0, 2.5, 10)",2661.0,,2645.437,2683.0,3254.0,3822.0,2661.0,2609.033
25,1,0,0,1,"(0.5, 2.5, 10)",4079.0,,3825.08,4175.0,4106.0,4198.0,4079.0,3812.432
25,1,0,0,1,"(1.0, 2.5, 10)",4197.0,,3952.887,4109.0,4433.0,4580.0,4197.0,3932.386
25,1,0,0,1,"(2.0, 2.5, 10)",4433.0,,4192.156,4346.0,5085.0,5343.0,4433.0,4201.846
25,2,0,0,0,"(0.5, 2.5, 10)",2034.0,,2001.704,2012.0,2156.0,2409.0,2056.0,1981.405
25,2,0,0,0,"(1.0, 2.5, 10)",2144.0,,2116.534,2149.0,2409.0,2786.0,2166.0,2101.044
25,2,0,0,0,"(2.0, 2.5, 10)",2364.0,,2393.135,2394.0,2915.0,3541.0,2386.0,2367.056
25,2,0,0,1,"(0.5, 2.5, 10)",3612.0,,3358.014,3566.0,3625.0,3634.0,3668.0,3362.858
25,2,0,0,1,"(1.0, 2.5, 10)",3722.0,,3496.352,3693.0,3925.0,3970.0,3778.0,3490.834
25,2,0,0,1,"(2.0, 2.5, 10)",3942.0,,3835.881,3928.0,4525.0,4642.0,3998.0,3783.801
25,3,0,0,0,"(0.5, 2.5, 10)",2098.0,,2057.808,2096.0,2237.0,2525.0,2098.0,2047.404
25,3,0,0,0,"(1.0, 2.5, 10)",2220.0,,2174.111,2224.0,2459.0,2899.0,2220.0,2187.842
25,3,0,0,0,"(2.0, 2.5, 10)",2465.0,,2420.181,2504.0,2902.0,3646.0,2465.0,2425.507
25,3,0,0,1,"(0.5, 2.5, 10)",3637.0,,3509.695,3788.0,3831.0,3941.0,3637.0,3527.119
25,3,0,0,1,"(1.0, 2.5, 10)",3759.0,,3632.698,3906.0,4109.0,4300.0,3759.0,3638.324
25,3,0,0,1,"(2.0, 2.5, 10)",4004.0,,3891.194,4145.0,4665.0,5020.0,4004.0,3917.551
25,4,0,0,0,"(0.5, 2.5, 10)",2240.0,,2239.01,2210.0,2437.0,2597.0,2266.0,2252.841
25,4,0,0,0,"(1.0, 2.5, 10)",2356.0,,2337.082,2344.0,2729.0,2951.0,2382.0,2341.866
25,4,0,0,0,"(2.0, 2.5, 10)",2589.0,,2591.01,2647.0,3312.0,3658.0,2615.0,2545.483
25,4,0,0,1,"(0.5, 2.5, 10)",3990.0,,3740.252,4021.0,4070.0,4116.0,3990.0,3755.627
25,4,0,0,1,"(1.0, 2.5, 10)",4106.0,,3921.556,4075.0,4419.0,4468.0,4106.0,3929.915
25,4,0,0,1,"(2.0, 2.5, 10)",4339.0,,4214.456,4335.0,5118.0,5172.0,4339.0,4269.837
25,5,0,0,0,"(0.5, 2.5, 10)",2049.0,,2011.049,2022.0,2227.0,2495.0,2049.0,2044.599
25,5,0,0,0,"(1.0, 2.5, 10)",2168.0,,2172.868,2126.0,2479.0,2879.0,2168.0,2169.093
25,5,0,0,0,"(2.0, 2.5, 10)",2407.0,,2434.941,2395.0,2985.0,3648.0,2407.0,2400.512
25,5,0,0,1,"(0.5, 2.5, 10)",3557.0,,3374.531,3529.0,3790.0,3881.0,3557.0,3344.742
25,5,0,0,1,"(1.0, 2.5, 10)",3676.0,,3494.18,3709.0,4145.0,4292.0,3676.0,3509.051
25,5,0,0,1,"(2.0, 2.5, 10)",3915.0,,3816.008,3987.0,4856.0,5115.0,3915.0,3816.091
25,6,0,0,0,"(0.5, 2.5, 10)",2144.0,,2163.044,2222.0,2292.0,2413.0,2144.0,2147.903
25,6,0,0,0,"(1.0, 2.5, 10)",2262.0,,2269.77,2328.0,2547.0,2741.0,2262.0,2250.021
25,6,0,0,0,"(2.0, 2.5, 10)",2500.0,,2490.933,2572.0,3057.0,3396.0,2500.0,2495.846
25,6,0,0,1,"(0.5, 2.5, 10)",3731.0,,3722.871,3968.0,3882.0,3886.0,3731.0,3725.081
25,6,0,0,1,"(1.0, 2.5, 10)",3850.0,,3873.368,4057.0,4180.0,4225.0,3850.0,3816.986
25,6,0,0,1,"(2.0, 2.5, 10)",4087.0,,4096.356,4334.0,4776.0,4901.0,4087.0,4067.066
25,7,0,0,0,"(0.5, 2.5, 10)",2248.0,,2257.723,2364.0,2397.0,2691.0,2248.0,2260.97
25,7,0,0,0,"(1.0, 2.5, 10)",2367.0,,2447.694,2384.0,2642.0,3076.0,2367.0,2372.381
25,7,0,0,0,"(2.0, 2.5, 10)",2606.0,,2647.048,2640.0,3133.0,3845.0,2606.0,2606.522
25,7,0,0,1,"(0.5, 2.5, 10)",3981.0,,3848.244,3970.0,4095.0,4262.0,3982.0,3834.559
25,7,0,0,1,"(1.0, 2.5, 10)",4100.0,,3969.677,4040.0,4414.0,4654.0,4101.0,4003.855
25,7,0,0,1,"(2.0, 2.5, 10)",4339.0,,4188.516,4326.0,5053.0,5439.0,4340.0,4289.479
25,8,0,0,0,"(0.5, 2.5, 10)",2125.0,,2048.674,2117.0,2250.0,2379.0,2129.0,2051.864
25,8,0,0,0,"(1.0, 2.5, 10)",2242.0,,2225.55,2240.0,2508.0,2699.0,2245.0,2180.534
25,8,0,0,0,"(2.0, 2.5, 10)",2475.0,,2499.443,2471.0,3023.0,3337.0,2478.0,2432.611
25,8,0,0,1,"(0.5, 2.5, 10)",3695.0,,3475.336,3703.0,3699.0,3761.0,3731.0,3433.446
25,8,0,0,1,"(1.0, 2.5, 10)",3812.0,,3573.125,3822.0,3987.0,4083.0,3848.0,3582.545
25,8,0,0,1,"(2.0, 2.5, 10)",4045.0,,3849.904,4066.0,4564.0,4726.0,4081.0,3872.628
25,9,0,0,0,"(0.5, 2.5, 10)",2530.0,,2485.343,2504.0,2601.0,3030.0,2530.0,2425.811
25,9,0,0,0,"(1.0, 2.5, 10)",2633.0,,2610.7,2617.0,2825.0,3431.0,2633.0,2577.249
25,9,0,0,0,"(2.0, 2.5, 10)",2838.0,,3020.52,2820.0,3274.0,4231.0,2838.0,2847.479
25,9,0,0,1,"(0.5, 2.5, 10)",4498.0,,4134.319,4512.0,4435.0,4693.0,4498.0,4144.507
25,9,0,0,1,"(1.0, 2.5, 10)",4601.0,,4338.325,4597.0,4704.0,5080.0,4601.0,4284.705
25,9,0,0,1,"(2.0, 2.5, 10)",4806.0,,4630.254,4742.0,5242.0,5855.0,4806.0,4669.12
25,10,0,0,0,"(0.5, 2.5, 10)",2225.0,,2201.499,2248.0,2419.0,2609.0,2348.0,2183.517
25,10,0,0,0,"(1.0, 2.5, 10)",2332.0,,2366.26,2304.0,2707.0,2988.0,2455.0,2322.761
25,10,0,0,0,"(2.0, 2.5, 10)",2546.0,,2652.089,2572.0,3283.0,3745.0,2668.0,2545.25
25,10,0,0,1,"(0.5, 2.5, 10)",3904.0,,3727.666,3765.0,3894.0,4047.0,4143.0,3717.783
25,10,0,0,1,"(1.0, 2.5, 10)",4010.0,,3869.892,3983.0,4204.0,4433.0,4250.0,3842.887
25,10,0,0,1,"(2.0, 2.5, 10)",4224.0,,4175.084,4224.0,4824.0,5207.0,4464.0,4175.084
25,11,0,0,0,"(0.5, 2.5, 10)",2324.0,,2276.643,2361.0,2464.0,2708.0,2324.0,2272.396
25,11,0,0,0,"(1.0, 2.5, 10)",2433.0,,2485.454,2486.0,2739.0,3097.0,2433.0,2415.469
25,11,0,0,0,"(2.0, 2.5, 10)",2651.0,,2748.014,2656.0,3289.0,3876.0,2651.0,2658.351
25,11,0,0,1,"(0.5, 2.5, 10)",4082.0,,3860.764,4099.0,4134.0,4186.0,4086.0,3882.958
25,11,0,0,1,"(1.0, 2.5, 10)",4191.0,,4003.162,4232.0,4439.0,4548.0,4194.0,4044.522
25,11,0,0,1,"(2.0, 2.5, 10)",4408.0,,4280.455,4459.0,5050.0,5272.0,4412.0,4351.863
25,12,0,0,0,"(0.5, 2.5, 10)",2153.0,,2187.932,2148.0,2379.0,2550.0,2243.0,2158.644
25,12,0,0,0,"(1.0, 2.5, 10)",2271.0,,2315.967,2284.0,2656.0,2909.0,2361.0,2275.002
25,12,0,0,0,"(2.0, 2.5, 10)",2506.0,,2534.698,2550.0,3209.0,3627.0,2596.0,2499.991
25,12,0,0,1,"(0.5, 2.5, 10)",3693.0,,3674.993,3733.0,3901.0,4054.0,3851.0,3651.272
25,12,0,0,1,"(1.0, 2.5, 10)",3811.0,,3791.524,3839.0,4193.0,4436.0,3968.0,3802.932
25,12,0,0,1,"(2.0, 2.5, 10)",4046.0,,4077.552,4041.0,4777.0,5198.0,4203.0,4023.281
25,13,0,0,0,"(0.5, 2.5, 10)",2323.0,,2273.14,2359.0,2430.0,2589.0,2323.0,2251.815
25,13,0,0,0,"(1.0, 2.5, 10)",2444.0,,2413.227,2483.0,2673.0,2915.0,2444.0,2418.08
25,13,0,0,0,"(2.0, 2.5, 10)",2685.0,,2660.888,2702.0,3160.0,3567.0,2685.0,2681.121
25,13,0,0,1,"(0.5, 2.5, 10)",4062.0,,3864.011,4175.0,4029.0,4161.0,4062.0,3848.595
25,13,0,0,1,"(1.0, 2.5, 10)",4183.0,,4025.135,4294.0,4297.0,4513.0,4183.0,4045.93
25,13,0,0,1,"(2.0, 2.5, 10)",4424.0,,4282.66,4475.0,4834.0,5215.0,4424.0,4301.263
25,14,0,0,0,"(0.5, 2.5, 10)",2379.0,,2307.71,2415.0,2522.0,2728.0,2382.0,2301.071
25,14,0,0,0,"(1.0, 2.5, 10)",2502.0,,2431.542,2512.0,2794.0,3116.0,2504.0,2453.373
25,14,0,0,0,"(2.0, 2.5, 10)",2746.0,,2744.837,2688.0,3338.0,3892.0,2748.0,2712.892
25,14,0,0,1,"(0.5, 2.5, 10)",4180.0,,3856.245,4122.0,4234.0,4265.0,4215.0,3875.132
25,14,0,0,1,"(1.0, 2.5, 10)",4302.0,,4099.787,4256.0,4556.0,4647.0,4337.0,4054.999
25,14,0,0,1,"(2.0, 2.5, 10)",4547.0,,4308.618,4417.0,5201.0,5412.0,4582.0,4406.274
25,15,0,0,0,"(0.5, 2.5, 10)",2065.0,,2032.694,2017.0,2231.0,2404.0,2132.0,2055.696
25,15,0,0,0,"(1.0, 2.5, 10)",2193.0,,2178.073,2149.0,2513.0,2776.0,2261.0,2184.14
25,15,0,0,0,"(2.0, 2.5, 10)",2450.0,,2447.267,2438.0,3077.0,3520.0,2517.0,2449.687
25,15,0,0,1,"(0.5, 2.5, 10)",3630.0,,3451.958,3535.0,3749.0,3755.0,3695.0,3487.404
25,15,0,0,1,"(1.0, 2.5, 10)",3758.0,,3608.398,3665.0,4086.0,4123.0,3823.0,3635.709
25,15,0,0,1,"(2.0, 2.5, 10)",4015.0,,3938.472,3960.0,4759.0,4858.0,4079.0,3935.886
25,16,0,0,0,"(0.5, 2.5, 10)",2263.0,,2180.215,2224.0,2348.0,2612.0,2263.0,2155.504
25,16,0,0,0,"(1.0, 2.5, 10)",2385.0,,2327.049,2312.0,2633.0,3011.0,2385.0,2328.386
25,16,0,0,0,"(2.0, 2.5, 10)",2628.0,,2585.775,2599.0,3202.0,3809.0,2628.0,2576.818
25,16,0,0,1,"(0.5, 2.5, 10)",3998.0,,3616.67,3843.0,3901.0,4045.0,3998.0,3590.411
25,16,0,0,1,"(1.0, 2.5, 10)",4119.0,,3746.293,4105.0,4223.0,4416.0,4119.0,3783.325
25,16,0,0,1,"(2.0, 2.5, 10)",4362.0,,4116.968,4235.0,4868.0,5157.0,4362.0,4107.353
25,17,0,0,0,"(0.5, 2.5, 10)",2152.0,,2092.847,2193.0,2168.0,2386.0,2156.0,2016.496
25,17,0,0,0,"(1.0, 2.5, 10)",2260.0,,2235.391,2230.0,2403.0,2723.0,2263.0,2189.525
25,17,0,0,0,"(2.0, 2.5, 10)",2475.0,,2422.822,2502.0,2874.0,3397.0,2478.0,2389.799
25,17,0,0,1,"(0.5, 2.5, 10)",3711.0,,3442.167,3752.0,3715.0,3824.0,3731.0,3406.845
25,17,0,0,1,"(1.0, 2.5, 10)",3818.0,,3531.598,3757.0,4014.0,4166.0,3838.0,3563.182
25,17,0,0,1,"(2.0, 2.5, 10)",4033.0,,3856.053,3988.0,4612.0,4850.0,4053.0,3895.779
25,18,0,0,0,"(0.5, 2.5, 10)",2428.0,,2424.879,2457.0,2541.0,2767.0,2428.0,2411.113
25,18,0,0,0,"(1.0, 2.5, 10)",2540.0,,2557.905,2560.0,2778.0,3123.0,2540.0,2536.209
25,18,0,0,0,"(2.0, 2.5, 10)",2766.0,,2809.446,2769.0,3251.0,3836.0,2766.0,2786.129
25,18,0,0,1,"(0.5, 2.5, 10)",4360.0,,4077.041,4414.0,4338.0,4429.0,4360.0,4074.393
25,18,0,0,1,"(1.0, 2.5, 10)",4472.0,,4204.658,4385.0,4640.0,4783.0,4472.0,4227.148
25,18,0,0,1,"(2.0, 2.5, 10)",4698.0,,4520.518,4721.0,5244.0,5492.0,4698.0,4543.456
25,19,0,0,0,"(0.5, 2.5, 10)",2338.0,,2329.733,2373.0,2472.0,2545.0,2338.0,2322.802
25,19,0,0,0,"(1.0, 2.5, 10)",2456.0,,2466.182,2471.0,2724.0,2834.0,2456.0,2437.601
25,19,0,0,0,"(2.0, 2.5, 10)",2692.0,,2688.368,2732.0,3228.0,3411.0,2692.0,2682.733
25,19,0,0,1,"(0.5, 2.5, 10)",4062.0,,3960.391,4220.0,4169.0,4211.0,4062.0,3900.149
25,19,0,0,1,"(1.0, 2.5, 10)",4180.0,,4045.241,4250.0,4452.0,4522.0,4180.0,4044.64
25,19,0,0,1,"(2.0, 2.5, 10)",4415.0,,4388.07,4541.0,5017.0,5144.0,4415.0,4299.202
30,0,0,0,0,"(0.5, 2.5, 10)",2591.0,,2567.831,2585.0,2756.0,3069.0,2610.0,2571.111
30,0,0,0,0,"(1.0, 2.5, 10)",2714.0,,2714.419,2749.0,3073.0,3533.0,2733.0,2713.735
30,0,0,0,0,"(2.0, 2.5, 10)",2960.0,,3033.452,2975.0,3708.0,4460.0,2979.0,2967.364
30,0,0,0,1,"(0.5, 2.5, 10)",4519.0,,4352.607,4508.0,4644.0,4808.0,4614.0,4385.894
30,0,0,0,1,"(1.0, 2.5, 10)",4642.0,,4498.081,4648.0,5019.0,5283.0,4737.0,4563.916
30,0,0,0,1,"(2.0, 2.5, 10)",4888.0,,4832.597,4856.0,5770.0,6232.0,4983.0,4895.14
30,1,0,0,0,"(0.5, 2.5, 10)",2722.0,,2668.457,2772.0,2895.0,3200.0,2781.0,2673.793
30,1,0,0,0,"(1.0, 2.5, 10)",2846.0,,2807.823,2872.0,3199.0,3645.0,2906.0,2808.795
30,1,0,0,0,"(2.0, 2.5, 10)",3095.0,,3176.965,3127.0,3808.0,4533.0,3155.0,3062.583
30,1,0,0,1,"(0.5, 2.5, 10)",4822.0,,4611.703,4900.0,4962.0,5047.0,4933.0,4567.841
30,1,0,0,1,"(1.0, 2.5, 10)",4947.0,,4724.232,5052.0,5359.0,5515.0,5058.0,4714.494
30,1,0,0,1,"(2.0, 2.5, 10)",5196.0,,5077.835,5288.0,6154.0,6452.0,5307.0,5040.283
30,2,0,0,0,"(0.5, 2.5, 10)",2772.0,,2729.953,2832.0,2881.0,3127.0,2772.0,2712.012
30,2,0,0,0,"(1.0, 2.5, 10)",2889.0,,2889.807,2953.0,3150.0,3530.0,2889.0,2888.449
30,2,0,0,0,"(2.0, 2.5, 10)",3121.0,,3261.233,3140.0,3689.0,4335.0,3121.0,3125.495
30,2,0,0,1,"(0.5, 2.5, 10)",4940.0,,4707.439,4832.0,4882.0,5006.0,4940.0,4647.666
30,2,0,0,1,"(1.0, 2.5, 10)",5056.0,,4766.694,5051.0,5182.0,5362.0,5056.0,4755.629
30,2,0,0,1,"(2.0, 2.5, 10)",5289.0,,5065.504,5292.0,5783.0,6073.0,5289.0,5068.102
30,3,0,0,0,"(0.5, 2.5, 10)",2557.0,,2524.677,2570.0,2720.0,2960.0,2557.0,2541.592
30,3,0,0,0,"(1.0, 2.5, 10)",2682.0,,2709.692,2690.0,3010.0,3378.0,2682.0,2686.175
30,3,0,0,0,"(2.0, 2.5, 10)",2932.0,,3091.085,2975.0,3591.0,4212.0,2932.0,2904.223
30,3,0,0,1,"(0.5, 2.5, 10)",4526.0,,4288.829,4538.0,4599.0,4761.0,4526.0,4299.08
30,3,0,0,1,"(1.0, 2.5, 10)",4651.0,,4475.156,4658.0,4934.0,5182.0,4651.0,4474.018
30,3,0,0,1,"(2.0, 2.5, 10)",4900.0,,4743.294,4878.0,5603.0,6023.0,4900.0,4762.27
30,4,0,0,0,"(0.5, 2.5, 10)",2753.0,,2771.811,2775.0,2957.0,3249.0,2893.0,2761.725
30,4,0,0,0,"(1.0, 2.5, 10)",2874.0,,2900.312,2950.0,3250.0,3675.0,3014.0,2869.461
30,4,0,0,0,"(2.0, 2.5, 10)",3116.0,,3328.581,3168.0,3836.0,4527.0,3255.0,3127.764
30,4,0,0,1,"(0.5, 2.5, 10)",4886.0,,4852.572,5061.0,5028.0,5209.0,5283.0,4772.004
30,4,0,0,1,"(1.0, 2.5, 10)",5007.0,,4891.942,5209.0,5379.0,5628.0,5404.0,4891.942
30,4,0,0,1,"(2.0, 2.5, 10)",5248.0,,5225.112,5441.0,6082.0,6468.0,5645.0,5191.898
30,5,0,0,0,"(0.5, 2.5, 10)",2588.0,,2521.238,2615.0,2746.0,3012.0,2588.0,2511.171
30,5,0,0,0,"(1.0, 2.5, 10)",2719.0,,2643.588,2774.0,3075.0,3473.0,2719.0,2632.458
30,5,0,0,0,"(2.0, 2.5, 10)",2983.0,,3047.602,3021.0,3732.0,4394.0,2983.0,2924.914
30,5,0,0,1,"(0.5, 2.5, 10)",4503.0,,4293.735,4391.0,4596.0,4753.0,4530.0,4171.334
30,5,0,0,1,"(1.0, 2.5, 10)",4635.0,,4405.681,4598.0,4974.0,5210.0,4662.0,4365.51
30,5,0,0,1,"(2.0, 2.5, 10)",4898.0,,4772.411,4820.0,5730.0,6124.0,4926.0,4648.781
30,6,0,0,0,"(0.5, 2.5, 10)",3147.0,,3139.778,3141.0,3318.0,3523.0,3149.0,3118.358
30,6,0,0,0,"(1.0, 2.5, 10)",3270.0,,3258.451,3291.0,3592.0,3926.0,3272.0,3287.618
30,6,0,0,0,"(2.0, 2.5, 10)",3515.0,,3606.759,3541.0,4138.0,4733.0,3517.0,3511.924
30,6,0,0,1,"(0.5, 2.5, 10)",5640.0,,5325.916,5726.0,5699.0,5771.0,5661.0,5388.44
30,6,0,0,1,"(1.0, 2.5, 10)",5763.0,,5502.835,5797.0,6016.0,6196.0,5783.0,5623.56
30,6,0,0,1,"(2.0, 2.5, 10)",6008.0,,5843.522,6063.0,6651.0,7047.0,6029.0,5836.428
30,7,0,0,0,"(0.5, 2.5, 10)",2669.0,,2694.424,2775.0,2758.0,2971.0,2669.0,2676.931
30,7,0,0,0,"(1.0, 2.5, 10)",2796.0,,2871.368,2878.0,3023.0,3329.0,2796.0,2796.937
30,7,0,0,0,"(2.0, 2.5, 10)",3048.0,,3278.329,3138.0,3554.0,4043.0,3048.0,3055.511
30,7,0,0,1,"(0.5, 2.5, 10)",4699.0,,4586.977,4709.0,4797.0,4852.0,4699.0,4611.054
30,7,0,0,1,"(1.0, 2.5, 10)",4825.0,,4782.15,4906.0,5132.0,5239.0,4825.0,4757.646
30,7,0,0,1,"(2.0, 2.5, 10)",5077.0,,5043.414,5200.0,5802.0,6013.0,5077.0,5069.041
30,8,0,0,0,"(0.5, 2.5, 10)",2367.0,,2342.74,2373.0,2486.0,2864.0,2367.0,2327.085
30,8,0,0,0,"(1.0, 2.5, 10)",2497.0,,2559.038,2514.0,2763.0,3309.0,2497.0,2458.991
30,8,0,0,0,"(2.0, 2.5, 10)",2758.0,,2894.712,2803.0,3316.0,4200.0,2758.0,2752.816
30,8,0,0,1,"(0.5, 2.5, 10)",4122.0,,3988.152,4208.0,4066.0,4305.0,4122.0,3971.029
30,8,0,0,1,"(1.0, 2.5, 10)",4253.0,,4153.857,4290.0,4370.0,4723.0,4253.0,4124.868
30,8,0,0,1,"(2.0, 2.5, 10)",4513.0,,4426.95,4596.0,4976.0,5558.0,4513.0,4457.658
30,9,0,0,0,"(0.5, 2.5, 10)",2738.0,,2776.759,2801.0,2863.0,3196.0,2738.0,2687.634
30,9,0,0,0,"(1.0, 2.5, 10)",2855.0,,2908.338,2871.0,3146.0,3620.0,2855.0,2847.193
30,9,0,0,0,"(2.0, 2.5, 10)",3088.0,,3210.133,3127.0,3712.0,4469.0,3088.0,3104.745
30,9,0,0,1,"(0.5, 2.5, 10)",4972.0,,4592.406,4919.0,4762.0,5090.0,4972.0,4623.53
30,9,0,0,1,"(1.0, 2.5, 10)",5089.0,,4822.459,5104.0,5054.0,5520.0,5089.0,4782.482
30,9,0,0,1,"(2.0, 2.5, 10)",5322.0,,5194.782,5313.0,5638.0,6381.0,5322.0,5151.348
30,10,0,0,0,"(0.5, 2.5, 10)",2780.0,,2607.538,2785.0,2855.0,3145.0,2780.0,2624.251
30,10,0,0,0,"(1.0, 2.5, 10)",2898.0,,2794.345,2882.0,3169.0,3585.0,2898.0,2760.465
30,10,0,0,0,"(2.0, 2.5, 10)",3134.0,,3345.883,3124.0,3797.0,4465.0,3134.0,3039.137
30,10,0,0,1,"(0.5, 2.5, 10)",4975.0,,4483.62,4854.0,4806.0,4912.0,4975.0,4553.361
30,10,0,0,1,"(1.0, 2.5, 10)",5092.0,,4648.775,5041.0,5191.0,5351.0,5092.0,4694.27
30,10,0,0,1,"(2.0, 2.5, 10)",5328.0,,5015.639,5261.0,5961.0,6231.0,5328.0,4969.387
30,11,0,0,0,"(0.5, 2.5, 10)",2774.0,,2806.355,2815.0,2982.0,3181.0,2774.0,2803.365
30,11,0,0,0,"(1.0, 2.5, 10)",2894.0,,2949.911,2913.0,3279.0,3568.0,2894.0,2900.879
30,11,0,0,0,"(2.0, 2.5, 10)",3132.0,,3314.784,3162.0,3872.0,4342.0,3132.0,3138.696
30,11,0,0,1,"(0.5, 2.5, 10)",4852.0,,4819.208,4927.0,5077.0,5159.0,4852.0,4792.538
30,11,0,0,1,"(1.0, 2.5, 10)",4971.0,,4970.522,5033.0,5422.0,5533.0,4971.0,5001.064
30,11,0,0,1,"(2.0, 2.5, 10)",5210.0,,5218.121,5273.0,6112.0,6280.0,5210.0,5231.319
30,12,0,0,0,"(0.5, 2.5, 10)",2653.0,,2625.806,2727.0,2926.0,3187.0,2681.0,2635.728
30,12,0,0,0,"(1.0, 2.5, 10)",2771.0,,2795.34,2802.0,3282.0,3686.0,2799.0,2775.918
30,12,0,0,0,"(2.0, 2.5, 10)",3007.0,,3107.252,2974.0,3994.0,4682.0,3035.0,2989.209
30,12,0,0,1,"(0.5, 2.5, 10)",4741.0,,4430.376,4813.0,4842.0,5009.0,4830.0,4402.537
30,12,0,0,1,"(1.0, 2.5, 10)",4859.0,,4558.257,4976.0,5246.0,5519.0,4949.0,4675.684
30,12,0,0,1,"(2.0, 2.5, 10)",5096.0,,4913.943,5224.0,6053.0,6538.0,5185.0,4913.943
30,13,0,0,0,"(0.5, 2.5, 10)",2787.0,,2696.789,2819.0,2944.0,3266.0,2787.0,2685.021
30,13,0,0,0,"(1.0, 2.5, 10)",2914.0,,2844.866,2961.0,3288.0,3709.0,2914.0,2865.012
30,13,0,0,0,"(2.0, 2.5, 10)",3167.0,,3155.623,3153.0,3976.0,4595.0,3167.0,3132.46
30,13,0,0,1,"(0.5, 2.5, 10)",4907.0,,4593.874,4937.0,4885.0,5120.0,4907.0,4595.299
30,13,0,0,1,"(1.0, 2.5, 10)",5034.0,,4741.432,5050.0,5258.0,5573.0,5034.0,4741.122
30,13,0,0,1,"(2.0, 2.5, 10)",5286.0,,5098.72,5391.0,6003.0,6481.0,5286.0,5070.012
30,14,0,0,0,"(0.5, 2.5, 10)",2642.0,,2529.045,2675.0,2788.0,3083.0,2642.0,2538.825
30,14,0,0,0,"(1.0, 2.5, 10)",2768.0,,2677.265,2776.0,3075.0,3523.0,2769.0,2761.145
30,14,0,0,0,"(2.0, 2.5, 10)",3022.0,,2946.765,3044.0,3648.0,4402.0,3022.0,3004.376
30,14,0,0,1,"(0.5, 2.5, 10)",4586.0,,4370.693,4567.0,4702.0,4779.0,4586.0,4354.284
30,14,0,0,1,"(1.0, 2.5, 10)",4713.0,,4488.981,4775.0,5036.0,5218.0,4713.0,4507.146
30,14,0,0,1,"(2.0, 2.5, 10)",4966.0,,4857.316,5066.0,5704.0,6096.0,4966.0,4807.82
30,15,0,0,0,"(0.5, 2.5, 10)",2756.0,,2681.855,2834.0,2866.0,3236.0,2828.0,2697.467
30,15,0,0,0,"(1.0, 2.5, 10)",2887.0,,2901.268,2964.0,3167.0,3715.0,2959.0,2855.196
30,15,0,0,0,"(2.0, 2.5, 10)",3149.0,,3206.364,3196.0,3769.0,4672.0,3221.0,3141.672
30,15,0,0,1,"(0.5, 2.5, 10)",4816.0,,4472.709,4987.0,4949.0,5000.0,5024.0,4505.142
30,15,0,0,1,"(1.0, 2.5, 10)",4947.0,,4718.469,5133.0,5329.0,5427.0,5155.0,4650.355
30,15,0,0,1,"(2.0, 2.5, 10)",5209.0,,5019.828,5410.0,6089.0,6282.0,5417.0,4953.263
30,16,0,0,0,"(0.5, 2.5, 10)",2679.0,,2668.741,2703.0,2886.0,3253.0,2679.0,2675.785
30,16,0,0,0,"(1.0, 2.5, 10)",2813.0,,2860.79,2845.0,3194.0,3757.0,2813.0,2821.969
30,16,0,0,0,"(2.0, 2.5, 10)",3081.0,,3184.191,3110.0,3811.0,4764.0,3081.0,3073.968
30,16,0,0,1,"(0.5, 2.5, 10)",4728.0,,4514.269,4579.0,4817.0,4976.0,4728.0,4525.132
30,16,0,0,1,"(1.0, 2.5, 10)",4862.0,,4761.05,4845.0,5163.0,5415.0,4862.0,4729.512
30,16,0,0,1,"(2.0, 2.5, 10)",5129.0,,5032.652,5191.0,5855.0,6295.0,5129.0,5048.439
30,17,0,0,0,"(0.5, 2.5, 10)",2585.0,,2549.074,2718.0,2682.0,2781.0,2585.0,2506.572
30,17,0,0,0,"(1.0, 2.5, 10)",2699.0,,2672.115,2746.0,2959.0,3100.0,2699.0,2650.617
30,17,0,0,0,"(2.0, 2.5, 10)",2927.0,,2967.826,2902.0,3515.0,3738.0,2927.0,2906.115
30,17,0,0,1,"(0.5, 2.5, 10)",4584.0,,4272.633,4758.0,4506.0,4541.0,4584.0,4269.435
30,17,0,0,1,"(1.0, 2.5, 10)",4698.0,,4450.909,4834.0,4803.0,4869.0,4698.0,4448.744
30,17,0,0,1,"(2.0, 2.5, 10)",4926.0,,4819.905,5076.0,5398.0,5526.0,4926.0,4769.506
30,18,0,0,0,"(0.5, 2.5, 10)",2949.0,,2909.33,2953.0,3064.0,3269.0,2949.0,2885.181
30,18,0,0,0,"(1.0, 2.5, 10)",3072.0,,3041.349,3073.0,3356.0,3645.0,3072.0,3032.524
30,18,0,0,0,"(2.0, 2.5, 10)",3318.0,,3317.231,3327.0,3940.0,4398.0,3318.0,3320.751
30,18,0,0,1,"(0.5, 2.5, 10)",5322.0,,4944.192,5210.0,5156.0,5258.0,5322.0,4937.212
30,18,0,0,1,"(1.0, 2.5, 10)",5445.0,,5133.058,5375.0,5483.0,5625.0,5445.0,5131.488
30,18,0,0,1,"(2.0, 2.5, 10)",5692.0,,5537.713,5682.0,6139.0,6360.0,5692.0,5481.03
30,19,0,0,0,"(0.5, 2.5, 10)",2775.0,,2724.047,2793.0,2823.0,3116.0,2779.0,2762.005
30,19,0,0,0,"(1.0, 2.5, 10)",2899.0,,2877.144,2955.0,3093.0,3534.0,2903.0,2885.827
30,19,0,0,0,"(2.0, 2.5, 10)",3147.0,,3204.048,3175.0,3635.0,4371.0,3151.0,3130.921
30,19,0,0,1,"(0.5, 2.5, 10)",4875.0,,4606.484,4973.0,4773.0,4911.0,4875.0,4630.909
30,19,0,0,1,"(1.0, 2.5, 10)",4999.0,,4828.178,5172.0,5070.0,5297.0,4999.0,4824.786
30,19,0,0,1,"(2.0, 2.5, 10)",5247.0,,5203.54,5317.0,5663.0,6070.0,5247.0,5111.119
35,0,0,0,0,"(0.5, 2.5, 10)",3106.0,,3059.784,3151.0,3288.0,3677.0,3127.0,3028.116
35,0,0,0,0,"(1.0, 2.5, 10)",3238.0,,3267.648,3280.0,3644.0,4210.0,3259.0,3207.471
35,0,0,0,0,"(2.0, 2.5, 10)",3501.0,,3577.628,3585.0,4356.0,5275.0,3522.0,3476.821
35,0,0,0,1,"(0.5, 2.5, 10)",5560.0,,5142.483,5648.0,5592.0,5806.0,5560.0,5156.601
35,0,0,0,1,"(1.0, 2.5, 10)",5692.0,,5369.329,5687.0,6005.0,6340.0,5692.0,5304.769
35,0,0,0,1,"(2.0, 2.5, 10)",5955.0,,5709.081,6008.0,6831.0,7409.0,5955.0,5680.763
35,1,0,0,0,"(0.5, 2.5, 10)",3009.0,,3015.904,3064.0,3190.0,3456.0,3015.0,3029.022
35,1,0,0,0,"(1.0, 2.5, 10)",3140.0,,3226.6,3215.0,3505.0,3897.0,3146.0,3176.13
35,1,0,0,0,"(2.0, 2.5, 10)",3403.0,,3622.542,3501.0,4136.0,4778.0,3409.0,3409.693
35,1,0,0,1,"(0.5, 2.5, 10)",5260.0,,5194.221,5456.0,5485.0,5585.0,5260.0,5231.229
35,1,0,0,1,"(1.0, 2.5, 10)",5392.0,,5444.38,5473.0,5865.0,6043.0,5392.0,5348.241
35,1,0,0,1,"(2.0, 2.5, 10)",5654.0,,5709.526,5810.0,6624.0,6959.0,5654.0,5627.774
35,2,0,0,0,"(0.5, 2.5, 10)",3148.0,,3046.375,3012.0,3212.0,3474.0,3148.0,3028.071
35,2,0,0,0,"(1.0, 2.5, 10)",3269.0,,3238.798,3257.0,3515.0,3901.0,3269.0,3188.187
35,2,0,0,0,"(2.0, 2.5, 10)",3512.0,,3586.34,3524.0,4121.0,4755.0,3512.0,3486.618
35,2,0,0,1,"(0.5, 2.5, 10)",5624.0,,5161.954,5639.0,5364.0,5513.0,5624.0,5188.65
35,2,0,0,1,"(1.0, 2.5, 10)",5745.0,,5380.352,5879.0,5728.0,5956.0,5745.0,5400.879
35,2,0,0,1,"(2.0, 2.5, 10)",5988.0,,5647.195,6119.0,6457.0,6843.0,5988.0,5670.904
35,3,0,0,0,"(0.5, 2.5, 10)",2970.0,,2915.375,2966.0,3132.0,3430.0,2970.0,2900.11
35,3,0,0,0,"(1.0, 2.5, 10)",3104.0,,3080.719,3178.0,3428.0,3874.0,3104.0,3040.809
35,3,0,0,0,"(2.0, 2.5, 10)",3372.0,,3357.415,3404.0,4020.0,4762.0,3372.0,3294.297
35,3,0,0,1,"(0.5, 2.5, 10)",5278.0,,5066.587,5238.0,5404.0,5610.0,5278.0,5035.199
35,3,0,0,1,"(1.0, 2.5, 10)",5412.0,,5152.582,5463.0,5766.0,6090.0,5412.0,5158.658
35,3,0,0,1,"(2.0, 2.5, 10)",5680.0,,5445.103,5769.0,6491.0,7048.0,5680.0,5460.129
35,4,0,0,0,"(0.5, 2.5, 10)",3245.0,,3298.493,3278.0,3447.0,3842.0,3290.0,3210.422
35,4,0,0,0,"(1.0, 2.5, 10)",3372.0,,3448.135,3420.0,3776.0,4355.0,3417.0,3371.372
35,4,0,0,0,"(2.0, 2.5, 10)",3626.0,,3757.909,3645.0,4433.0,5381.0,3671.0,3610.625
35,4,0,0,1,"(0.5, 2.5, 10)",5801.0,,5592.306,5849.0,5962.0,6159.0,5842.0,5647.562
35,4,0,0,1,"(1.0, 2.5, 10)",5928.0,,5846.334,5967.0,6350.0,6703.0,5969.0,5835.707
35,4,0,0,1,"(2.0, 2.5, 10)",6183.0,,6170.363,6201.0,7127.0,7789.0,6223.0,6102.786
35,5,0,0,0,"(0.5, 2.5, 10)",2752.0,,2768.151,2781.0,3067.0,3446.0,2826.0,2774.729
35,5,0,0,0,"(1.0, 2.5, 10)",2890.0,,3002.476,2900.0,3408.0,3982.0,2964.0,2892.008
35,5,0,0,0,"(2.0, 2.5, 10)",3166.0,,3450.296,3210.0,4090.0,5054.0,3239.0,3194.782
35,5,0,0,1,"(0.5, 2.5, 10)",4773.0,,4783.823,4836.0,5035.0,5334.0,4978.0,4767.818
35,5,0,0,1,"(1.0, 2.5, 10)",4910.0,,4969.818,4976.0,5424.0,5866.0,5116.0,4979.137
35,5,0,0,1,"(2.0, 2.5, 10)",5186.0,,5266.377,5298.0,6201.0,6931.0,5391.0,5225.673
35,6,0,0,0,"(0.5, 2.5, 10)",3199.0,,3187.516,3214.0,3376.0,3681.0,3199.0,3167.755
35,6,0,0,0,"(1.0, 2.5, 10)",3334.0,,3388.804,3342.0,3692.0,4144.0,3334.0,3346.812
35,6,0,0,0,"(2.0, 2.5, 10)",3605.0,,3737.469,3596.0,4323.0,5071.0,3605.0,3579.487
35,6,0,0,1,"(0.5, 2.5, 10)",5643.0,,5484.72,5725.0,5818.0,5985.0,5643.0,5502.766
35,6,0,0,1,"(1.0, 2.5, 10)",5779.0,,5600.564,5850.0,6203.0,6475.0,5779.0,5614.29
35,6,0,0,1,"(2.0, 2.5, 10)",6049.0,,5973.531,6079.0,6973.0,7454.0,6049.0,5918.437
35,7,0,0,0,"(0.5, 2.5, 10)",3165.0,,3168.505,3215.0,3351.0,3577.0,3165.0,3181.048
35,7,0,0,0,"(1.0, 2.5, 10)",3301.0,,3346.901,3338.0,3677.0,4028.0,3301.0,3311.489
35,7,0,0,0,"(2.0, 2.5, 10)",3572.0,,3761.511,3621.0,4329.0,4932.0,3572.0,3586.813
35,7,0,0,1,"(0.5, 2.5, 10)",5680.0,,5353.603,5784.0,5692.0,5875.0,5680.0,5358.276
35,7,0,0,1,"(1.0, 2.5, 10)",5816.0,,5540.583,5844.0,6072.0,6353.0,5816.0,5515.651
35,7,0,0,1,"(2.0, 2.5, 10)",6087.0,,5922.447,6179.0,6832.0,7310.0,6087.0,5975.574
35,8,0,0,0,"(0.5, 2.5, 10)",2684.0,,2764.665,2718.0,2869.0,3103.0,2684.0,2685.681
35,8,0,0,0,"(1.0, 2.5, 10)",2815.0,,3000.428,2861.0,3186.0,3552.0,2815.0,2837.774
35,8,0,0,0,"(2.0, 2.5, 10)",3076.0,,3433.133,3100.0,3821.0,4450.0,3076.0,3115.256
35,8,0,0,1,"(0.5, 2.5, 10)",4796.0,,4577.502,4697.0,4749.0,4937.0,4796.0,4557.74
35,8,0,0,1,"(1.0, 2.5, 10)",4926.0,,4764.796,4811.0,5110.0,5402.0,4926.0,4800.542
35,8,0,0,1,"(2.0, 2.5, 10)",5188.0,,5018.227,5133.0,5832.0,6334.0,5188.0,5016.832
35,9,0,0,0,"(0.5, 2.5, 10)",3390.0,,3505.978,3510.0,3670.0,3910.0,3390.0,3414.146
35,9,0,0,0,"(1.0, 2.5, 10)",3508.0,,3652.936,3617.0,3995.0,4372.0,3508.0,3536.942
35,9,0,0,0,"(2.0, 2.5, 10)",3744.0,,4198.013,3807.0,4644.0,5297.0,3744.0,3747.843
35,9,0,0,1,"(0.5, 2.5, 10)",6102.0,,5883.578,6264.0,6179.0,6275.0,6102.0,5874.076
35,9,0,0,1,"(1.0, 2.5, 10)",6220.0,,6064.497,6381.0,6576.0,6728.0,6220.0,6007.177
35,9,0,0,1,"(2.0, 2.5, 10)",6456.0,,6400.096,6631.0,7369.0,7635.0,6456.0,6340.294
35,10,0,0,0,"(0.5, 2.5, 10)",3531.0,,3526.174,3531.0,3739.0,4026.0,3531.0,3467.99
35,10,0,0,0,"(1.0, 2.5, 10)",3651.0,,3669.431,3625.0,4085.0,4527.0,3651.0,3587.739
35,10,0,0,0,"(2.0, 2.5, 10)",3890.0,,4042.992,3903.0,4777.0,5528.0,3890.0,3856.6
35,10,0,0,1,"(0.5, 2.5, 10)",6442.0,,5938.005,6567.0,6406.0,6495.0,6442.0,5899.082
35,10,0,0,1,"(1.0, 2.5, 10)",6562.0,,6063.929,6671.0,6849.0,7008.0,6562.0,6076.832
35,10,0,0,1,"(2.0, 2.5, 10)",6801.0,,6427.656,6867.0,7734.0,8034.0,6801.0,6436.38
35,11,0,0,0,"(0.5, 2.5, 10)",3275.0,,3259.657,3311.0,3408.0,3641.0,3275.0,3225.0
35,11,0,0,0,"(1.0, 2.5, 10)",3404.0,,3482.014,3412.0,3730.0,4079.0,3404.0,3411.038
35,11,0,0,0,"(2.0, 2.5, 10)",3661.0,,3895.156,3728.0,4374.0,4954.0,3661.0,3662.425
35,11,0,0,1,"(0.5, 2.5, 10)",5838.0,,5470.288,5982.0,5687.0,5776.0,5838.0,5477.187
35,11,0,0,1,"(1.0, 2.5, 10)",5967.0,,5724.116,6068.0,6068.0,6224.0,5967.0,5708.677
35,11,0,0,1,"(2.0, 2.5, 10)",6224.0,,6014.068,6331.0,6831.0,7118.0,6224.0,6106.261
35,12,0,0,0,"(0.5, 2.5, 10)",3125.0,,3123.901,3177.0,3342.0,3823.0,3125.0,3059.262
35,12,0,0,0,"(1.0, 2.5, 10)",3252.0,,3313.889,3243.0,3678.0,4417.0,3252.0,3221.225
35,12,0,0,0,"(2.0, 2.5, 10)",3506.0,,3587.033,3522.0,4349.0,5606.0,3506.0,3493.985
35,12,0,0,1,"(0.5, 2.5, 10)",5549.0,,5191.312,5559.0,5716.0,5856.0,5549.0,5188.911
35,12,0,0,1,"(1.0, 2.5, 10)",5676.0,,5353.53,5726.0,6179.0,6422.0,5676.0,5410.438
35,12,0,0,1,"(2.0, 2.5, 10)",5930.0,,5770.648,5853.0,7105.0,7555.0,5930.0,5710.184
35,13,0,0,0,"(0.5, 2.5, 10)",3341.0,,3357.93,3454.0,3482.0,3851.0,3341.0,3328.971
35,13,0,0,0,"(1.0, 2.5, 10)",3476.0,,3583.428,3506.0,3791.0,4349.0,3476.0,3475.118
35,13,0,0,0,"(2.0, 2.5, 10)",3745.0,,3907.613,3783.0,4409.0,5345.0,3745.0,3789.129
35,13,0,0,1,"(0.5, 2.5, 10)",5848.0,,5671.505,6000.0,6136.0,6254.0,5848.0,5660.565
35,13,0,0,1,"(1.0, 2.5, 10)",5983.0,,5941.988,6154.0,6555.0,6767.0,5983.0,5898.577
35,13,0,0,1,"(2.0, 2.5, 10)",6252.0,,6451.081,6348.0,7392.0,7794.0,6252.0,6213.784
35,14,0,0,0,"(0.5, 2.5, 10)",3079.0,,3129.781,3122.0,3272.0,3657.0,3079.0,3071.837
35,14,0,0,0,"(1.0, 2.5, 10)",3209.0,,3294.048,3305.0,3571.0,4136.0,3209.0,3226.596
35,14,0,0,0,"(2.0, 2.5, 10)",3468.0,,3591.324,3592.0,4169.0,5095.0,3468.0,3486.109
35,14,0,0,1,"(0.5, 2.5, 10)",5459.0,,5400.17,5492.0,5720.0,5859.0,5459.0,5366.26
35,14,0,0,1,"(1.0, 2.5, 10)",5589.0,,5495.766,5600.0,6116.0,6335.0,5589.0,5477.525
35,14,0,0,1,"(2.0, 2.5, 10)",5848.0,,5909.732,5872.0,6907.0,7288.0,5848.0,5735.418
35,15,0,0,0,"(0.5, 2.5, 10)",3165.0,,3144.155,3248.0,3369.0,3704.0,3165.0,3132.024
35,15,0,0,0,"(1.0, 2.5, 10)",3298.0,,3342.664,3382.0,3694.0,4211.0,3298.0,3310.975
35,15,0,0,0,"(2.0, 2.5, 10)",3563.0,,3730.073,3697.0,4344.0,5225.0,3563.0,3567.773
35,15,0,0,1,"(0.5, 2.5, 10)",5548.0,,5292.944,5640.0,5782.0,5882.0,5548.0,5401.455
35,15,0,0,1,"(1.0, 2.5, 10)",5681.0,,5554.836,5790.0,6193.0,6342.0,5681.0,5484.503
35,15,0,0,1,"(2.0, 2.5, 10)",5946.0,,5908.232,6025.0,7015.0,7262.0,5946.0,5845.182
35,16,0,0,0,"(0.5, 2.5, 10)",3100.0,,3023.386,3036.0,3212.0,3524.0,3105.0,2993.802
35,16,0,0,0,"(1.0, 2.5, 10)",3236.0,,3147.593,3187.0,3528.0,4019.0,3241.0,3143.069
35,16,0,0,0,"(2.0, 2.5, 10)",3508.0,,3564.293,3536.0,4160.0,5010.0,3513.0,3446.244
35,16,0,0,1,"(0.5, 2.5, 10)",5502.0,,5081.795,5518.0,5477.0,5673.0,5554.0,5056.641
35,16,0,0,1,"(1.0, 2.5, 10)",5638.0,,5236.309,5613.0,5891.0,6216.0,5690.0,5214.372
35,16,0,0,1,"(2.0, 2.5, 10)",5910.0,,5595.392,5934.0,6718.0,7300.0,5962.0,5542.738
35,17,0,0,0,"(0.5, 2.5, 10)",3148.0,,3067.904,3213.0,3275.0,3632.0,3148.0,3047.806
35,17,0,0,0,"(1.0, 2.5, 10)",3269.0,,3225.262,3336.0,3610.0,4154.0,3269.0,3220.318
35,17,0,0,0,"(2.0, 2.5, 10)",3513.0,,3703.886,3528.0,4279.0,5197.0,3513.0,3502.464
35,17,0,0,1,"(0.5, 2.5, 10)",5710.0,,5173.093,5632.0,5605.0,5755.0,5710.0,5240.861
35,17,0,0,1,"(1.0, 2.5, 10)",5832.0,,5373.388,5745.0,6047.0,6270.0,5832.0,5343.299
35,17,0,0,1,"(2.0, 2.5, 10)",6075.0,,5642.566,5969.0,6929.0,7300.0,6075.0,5784.741
35,18,0,0,0,"(0.5, 2.5, 10)",3488.0,,3431.363,3523.0,3683.0,3880.0,3561.0,3420.625
35,18,0,0,0,"(1.0, 2.5, 10)",3629.0,,3631.819,3670.0,4031.0,4331.0,3702.0,3614.072
35,18,0,0,0,"(2.0, 2.5, 10)",3910.0,,4130.35,3904.0,4727.0,5234.0,3983.0,3885.078
35,18,0,0,1,"(0.5, 2.5, 10)",6298.0,,5826.361,6213.0,6198.0,6284.0,6449.0,5854.61
35,18,0,0,1,"(1.0, 2.5, 10)",6439.0,,6026.372,6377.0,6572.0,6714.0,6590.0,6043.554
35,18,0,0,1,"(2.0, 2.5, 10)",6720.0,,6362.018,6698.0,7320.0,7574.0,6871.0,6472.697
35,19,0,0,0,"(0.5, 2.5, 10)",3158.0,,3130.075,3162.0,3293.0,3467.0,3163.0,3083.865
35,19,0,0,0,"(1.0, 2.5, 10)",3297.0,,3294.305,3215.0,3609.0,3866.0,3302.0,3233.875
35,19,0,0,0,"(2.0, 2.5, 10)",3575.0,,3655.501,3485.0,4242.0,4664.0,3580.0,3491.15
35,19,0,0,1,"(0.5, 2.5, 10)",5543.0,,5346.739,5542.0,5632.0,5716.0,5543.0,5354.768
35,19,0,0,1,"(1.0, 2.5, 10)",5681.0,,5501.017,5646.0,5977.0,6122.0,5681.0,5506.109
35,19,0,0,1,"(2.0, 2.5, 10)",5959.0,,5834.197,5917.0,6666.0,6934.0,5959.0,5818.015
40,0,0,0,0,"(0.5, 2.5, 10)",3569.0,,3591.125,3589.0,3817.0,4243.0,3569.0,3547.95
40,0,0,0,0,"(1.0, 2.5, 10)",3707.0,,3777.961,3844.0,4206.0,4858.0,3707.0,3709.44
40,0,0,0,0,"(2.0, 2.5, 10)",3985.0,,4308.942,4068.0,4983.0,6089.0,3985.0,4010.176
40,0,0,0,1,"(0.5, 2.5, 10)",6374.0,,6036.711,6609.0,6393.0,6666.0,6374.0,6012.073
40,0,0,0,1,"(1.0, 2.5, 10)",6513.0,,6144.259,6776.0,6874.0,7277.0,6513.0,6209.121
40,0,0,0,1,"(2.0, 2.5, 10)",6791.0,,6591.55,6969.0,7834.0,8497.0,6791.0,6580.452
40,1,0,0,0,"(0.5, 2.5, 10)",3689.0,,3634.612,3779.0,3855.0,4372.0,3765.0,3631.387
40,1,0,0,0,"(1.0, 2.5, 10)",3826.0,,3891.696,3909.0,4210.0,4983.0,3901.0,3797.173
40,1,0,0,0,"(2.0, 2.5, 10)",4099.0,,4293.512,4140.0,4921.0,6204.0,4175.0,4110.393
40,1,0,0,1,"(0.5, 2.5, 10)",6608.0,,6219.013,6685.0,6602.0,6907.0,6782.0,6200.86
40,1,0,0,1,"(1.0, 2.5, 10)",6745.0,,6423.565,6841.0,7027.0,7530.0,6919.0,6416.365
40,1,0,0,1,"(2.0, 2.5, 10)",7019.0,,6768.405,7033.0,7878.0,8777.0,7193.0,6790.303
40,2,0,0,0,"(0.5, 2.5, 10)",3739.0,,3680.387,3789.0,3924.0,4236.0,3739.0,3682.418
40,2,0,0,0,"(1.0, 2.5, 10)",3864.0,,3806.697,3898.0,4287.0,4778.0,3864.0,3794.419
40,2,0,0,0,"(2.0, 2.5, 10)",4113.0,,4445.851,4166.0,5013.0,5860.0,4113.0,4084.205
40,2,0,0,1,"(0.5, 2.5, 10)",6749.0,,6260.592,6799.0,6687.0,6820.0,6749.0,6261.879
40,2,0,0,1,"(1.0, 2.5, 10)",6873.0,,6471.499,6726.0,7122.0,7326.0,6873.0,6516.592
40,2,0,0,1,"(2.0, 2.5, 10)",7122.0,,6732.104,7163.0,7991.0,8339.0,7122.0,6789.869
40,3,0,0,0,"(0.5, 2.5, 10)",3813.0,,3776.172,3855.0,3931.0,4154.0,3847.0,3778.566
40,3,0,0,0,"(1.0, 2.5, 10)",3952.0,,3975.409,4011.0,4250.0,4595.0,3985.0,3941.661
40,3,0,0,0,"(2.0, 2.5, 10)",4230.0,,4222.787,4240.0,4887.0,5476.0,4263.0,4284.632
40,3,0,0,1,"(0.5, 2.5, 10)",6879.0,,6369.514,6914.0,6758.0,6900.0,6981.0,6348.832
40,3,0,0,1,"(1.0, 2.5, 10)",7017.0,,6598.8,6928.0,7145.0,7363.0,7119.0,6564.174
40,3,0,0,1,"(2.0, 2.5, 10)",7295.0,,6894.666,7372.0,7918.0,8289.0,7397.0,6846.464
40,4,0,0,0,"(0.5, 2.5, 10)",3709.0,,3650.303,3731.0,3849.0,4382.0,3709.0,3683.73
40,4,0,0,0,"(1.0, 2.5, 10)",3837.0,,3907.661,3878.0,4213.0,4969.0,3837.0,3848.142
40,4,0,0,0,"(2.0, 2.5, 10)",4094.0,,4329.847,4178.0,4941.0,6142.0,4094.0,4149.485
40,4,0,0,1,"(0.5, 2.5, 10)",6852.0,,6229.098,6825.0,6558.0,6845.0,6852.0,6216.613
40,4,0,0,1,"(1.0, 2.5, 10)",6980.0,,6455.091,6964.0,6953.0,7360.0,6980.0,6483.755
40,4,0,0,1,"(2.0, 2.5, 10)",7238.0,,6926.797,7170.0,7744.0,8390.0,7238.0,6884.457
40,5,0,0,0,"(0.5, 2.5, 10)",3388.0,,3401.072,3429.0,3693.0,4032.0,3388.0,3326.93
40,5,0,0,0,"(1.0, 2.5, 10)",3530.0,,3663.254,3553.0,4105.0,4614.0,3530.0,3468.361
40,5,0,0,0,"(2.0, 2.5, 10)",3815.0,,4056.93,3833.0,4927.0,5779.0,3815.0,3811.253
40,5,0,0,1,"(0.5, 2.5, 10)",5949.0,,5703.857,6054.0,6262.0,6433.0,5949.0,5754.822
40,5,0,0,1,"(1.0, 2.5, 10)",6092.0,,5899.689,6206.0,6741.0,7060.0,6092.0,5849.228
40,5,0,0,1,"(2.0, 2.5, 10)",6376.0,,6290.508,6507.0,7700.0,8314.0,6376.0,6183.331
40,6,0,0,0,"(0.5, 2.5, 10)",3933.0,,3935.782,3974.0,4199.0,4551.0,3933.0,3900.13
40,6,0,0,0,"(1.0, 2.5, 10)",4069.0,,4112.238,4124.0,4584.0,5143.0,4069.0,4029.364
40,6,0,0,0,"(2.0, 2.5, 10)",4340.0,,4548.555,4416.0,5353.0,6327.0,4340.0,4370.06
40,6,0,0,1,"(0.5, 2.5, 10)",7129.0,,6636.8,7175.0,7085.0,7377.0,7129.0,6622.831
40,6,0,0,1,"(1.0, 2.5, 10)",7265.0,,6849.665,7374.0,7529.0,7957.0,7265.0,6859.241
40,6,0,0,1,"(2.0, 2.5, 10)",7536.0,,7239.727,7727.0,8417.0,9118.0,7536.0,7314.542
40,7,0,0,0,"(0.5, 2.5, 10)",3825.0,,3807.89,3870.0,4003.0,4452.0,3825.0,3786.812
40,7,0,0,0,"(1.0, 2.5, 10)",3968.0,,3980.045,4031.0,4387.0,5048.0,3968.0,3974.871
40,7,0,0,0,"(2.0, 2.5, 10)",4253.0,,4503.085,4276.0,5155.0,6241.0,4253.0,4219.878
40,7,0,0,1,"(0.5, 2.5, 10)",6892.0,,6482.999,6982.0,6805.0,7076.0,6892.0,6489.332
40,7,0,0,1,"(1.0, 2.5, 10)",7034.0,,6681.195,7149.0,7280.0,7677.0,7034.0,6729.459
40,7,0,0,1,"(2.0, 2.5, 10)",7320.0,,7186.331,7414.0,8229.0,8880.0,7320.0,7069.291
40,8,0,0,0,"(0.5, 2.5, 10)",3547.0,,3563.309,3665.0,3720.0,4136.0,3547.0,3518.234
40,8,0,0,0,"(1.0, 2.5, 10)",3686.0,,3799.082,3807.0,4073.0,4697.0,3686.0,3722.708
40,8,0,0,0,"(2.0, 2.5, 10)",3963.0,,4296.194,4066.0,4779.0,5819.0,3963.0,3993.547
40,8,0,0,1,"(0.5, 2.5, 10)",6394.0,,6016.575,6427.0,6449.0,6583.0,6402.0,6009.849
40,8,0,0,1,"(1.0, 2.5, 10)",6533.0,,6207.168,6603.0,6898.0,7159.0,6541.0,6247.612
40,8,0,0,1,"(2.0, 2.5, 10)",6811.0,,6659.995,6848.0,7797.0,8310.0,6819.0,6601.514
40,9,0,0,0,"(0.5, 2.5, 10)",3871.0,,3888.408,3944.0,3997.0,4444.0,3921.0,3816.741
40,9,0,0,0,"(1.0, 2.5, 10)",4000.0,,4059.449,4030.0,4329.0,4978.0,4049.0,4016.767
40,9,0,0,0,"(2.0, 2.5, 10)",4256.0,,4611.508,4313.0,4991.0,6045.0,4306.0,4258.618
40,9,0,0,1,"(0.5, 2.5, 10)",6906.0,,6498.884,6926.0,6900.0,7124.0,7021.0,6455.222
40,9,0,0,1,"(1.0, 2.5, 10)",7034.0,,6734.354,7106.0,7328.0,7687.0,7150.0,6702.737
40,9,0,0,1,"(2.0, 2.5, 10)",7291.0,,7194.056,7346.0,8185.0,8812.0,7407.0,7200.64
40,10,0,0,0,"(0.5, 2.5, 10)",3667.0,,3636.37,3697.0,3804.0,4153.0,3736.0,3612.679
40,10,0,0,0,"(1.0, 2.5, 10)",3789.0,,3809.402,3813.0,4145.0,4651.0,3858.0,3749.241
40,10,0,0,0,"(2.0, 2.5, 10)",4033.0,,4276.457,4045.0,4828.0,5645.0,4101.0,3996.286
40,10,0,0,1,"(0.5, 2.5, 10)",6541.0,,6122.889,6700.0,6525.0,6711.0,6781.0,6106.962
40,10,0,0,1,"(1.0, 2.5, 10)",6663.0,,6324.832,6826.0,6940.0,7201.0,6903.0,6388.386
40,10,0,0,1,"(2.0, 2.5, 10)",6907.0,,6645.859,7044.0,7769.0,8182.0,7147.0,6604.0
40,11,0,0,0,"(0.5, 2.5, 10)",3916.0,,3922.294,3937.0,4124.0,4447.0,3951.0,3858.552
40,11,0,0,0,"(1.0, 2.5, 10)",4050.0,,4099.438,4058.0,4478.0,4979.0,4085.0,4005.953
40,11,0,0,0,"(2.0, 2.5, 10)",4317.0,,4535.183,4377.0,5187.0,6044.0,4352.0,4291.788
40,11,0,0,1,"(0.5, 2.5, 10)",6964.0,,6709.698,7080.0,7095.0,7170.0,7118.0,6737.727
40,11,0,0,1,"(1.0, 2.5, 10)",7098.0,,6797.153,7224.0,7538.0,7708.0,7251.0,6873.747
40,11,0,0,1,"(2.0, 2.5, 10)",7365.0,,7197.91,7542.0,8424.0,8784.0,7518.0,7268.629
40,12,0,0,0,"(0.5, 2.5, 10)",3450.0,,3488.83,3466.0,3702.0,4167.0,3482.0,3446.685
40,12,0,0,0,"(1.0, 2.5, 10)",3588.0,,3693.809,3638.0,4060.0,4761.0,3621.0,3579.154
40,12,0,0,0,"(2.0, 2.5, 10)",3866.0,,4294.306,3898.0,4777.0,5948.0,3898.0,3869.2
40,12,0,0,1,"(0.5, 2.5, 10)",6115.0,,5923.562,6261.0,6414.0,6553.0,6206.0,5914.924
40,12,0,0,1,"(1.0, 2.5, 10)",6254.0,,6096.541,6408.0,6892.0,7123.0,6345.0,6103.3
40,12,0,0,1,"(2.0, 2.5, 10)",6531.0,,6482.246,6655.0,7848.0,8265.0,6622.0,6397.016
40,13,0,0,0,"(0.5, 2.5, 10)",3672.0,,3719.327,3637.0,3867.0,4336.0,3672.0,3611.224
40,13,0,0,0,"(1.0, 2.5, 10)",3809.0,,3867.587,3854.0,4219.0,4926.0,3809.0,3800.071
40,13,0,0,0,"(2.0, 2.5, 10)",4084.0,,4269.732,4141.0,4922.0,6108.0,4084.0,4071.877
40,13,0,0,1,"(0.5, 2.5, 10)",6512.0,,6179.976,6672.0,6630.0,6783.0,6512.0,6228.823
40,13,0,0,1,"(1.0, 2.5, 10)",6650.0,,6410.803,6763.0,7079.0,7349.0,6650.0,6465.931
40,13,0,0,1,"(2.0, 2.5, 10)",6924.0,,6757.248,7125.0,7976.0,8480.0,6924.0,6790.651
40,14,0,0,0,"(0.5, 2.5, 10)",3686.0,,3729.311,3761.0,3890.0,4227.0,3736.0,3659.405
40,14,0,0,0,"(1.0, 2.5, 10)",3825.0,,3854.852,3908.0,4241.0,4763.0,3875.0,3830.123
40,14,0,0,0,"(2.0, 2.5, 10)",4101.0,,4280.939,4127.0,4943.0,5834.0,4151.0,4096.259
40,14,0,0,1,"(0.5, 2.5, 10)",6630.0,,6239.214,6588.0,6674.0,6848.0,6769.0,6297.869
40,14,0,0,1,"(1.0, 2.5, 10)",6768.0,,6497.054,6795.0,7127.0,7431.0,6908.0,6413.335
40,14,0,0,1,"(2.0, 2.5, 10)",7045.0,,6958.298,7087.0,8031.0,8598.0,7184.0,6770.476
40,15,0,0,0,"(0.5, 2.5, 10)",3691.0,,3746.911,3731.0,3970.0,4423.0,3715.0,3689.542
40,15,0,0,0,"(1.0, 2.5, 10)",3832.0,,3929.761,3862.0,4322.0,5004.0,3856.0,3848.492
40,15,0,0,0,"(2.0, 2.5, 10)",4115.0,,4207.073,4147.0,5025.0,6166.0,4138.0,4124.651
40,15,0,0,1,"(0.5, 2.5, 10)",6571.0,,6324.029,6662.0,6765.0,7038.0,6697.0,6387.397
40,15,0,0,1,"(1.0, 2.5, 10)",6712.0,,6568.487,6878.0,7163.0,7605.0,6838.0,6496.243
40,15,0,0,1,"(2.0, 2.5, 10)",6994.0,,6896.863,7211.0,7958.0,8740.0,7121.0,6842.918
40,16,0,0,0,"(0.5, 2.5, 10)",3529.0,,3537.9,3583.0,3724.0,4082.0,3529.0,3545.489
40,16,0,0,0,"(1.0, 2.5, 10)",3671.0,,3761.011,3715.0,4063.0,4604.0,3671.0,3708.22
40,16,0,0,0,"(2.0, 2.5, 10)",3955.0,,4178.018,3947.0,4741.0,5648.0,3955.0,4030.45
40,16,0,0,1,"(0.5, 2.5, 10)",6336.0,,5994.757,6208.0,6335.0,6451.0,6336.0,5953.036
40,16,0,0,1,"(1.0, 2.5, 10)",6478.0,,6131.645,6398.0,6737.0,6970.0,6478.0,6163.461
40,16,0,0,1,"(2.0, 2.5, 10)",6762.0,,6623.637,6846.0,7543.0,8007.0,6762.0,6573.951
40,17,0,0,0,"(0.5, 2.5, 10)",3171.0,,3196.307,3310.0,3476.0,3788.0,3171.0,3191.6
40,17,0,0,0,"(1.0, 2.5, 10)",3298.0,,3423.576,3383.0,3834.0,4290.0,3298.0,3342.626
40,17,0,0,0,"(2.0, 2.5, 10)",3552.0,,3989.298,3624.0,4549.0,5294.0,3552.0,3546.148
40,17,0,0,1,"(0.5, 2.5, 10)",5688.0,,5414.091,5878.0,5921.0,6010.0,5688.0,5363.135
40,17,0,0,1,"(1.0, 2.5, 10)",5815.0,,5591.89,6001.0,6370.0,6515.0,5815.0,5696.135
40,17,0,0,1,"(2.0, 2.5, 10)",6069.0,,5994.876,6230.0,7269.0,7526.0,6069.0,6000.946
40,18,0,0,0,"(0.5, 2.5, 10)",3839.0,,3794.059,3864.0,4004.0,4375.0,3873.0,3782.561
40,18,0,0,0,"(1.0, 2.5, 10)",3984.0,,3998.294,3959.0,4374.0,4921.0,4019.0,3942.386
40,18,0,0,0,"(2.0, 2.5, 10)",4276.0,,4384.568,4242.0,5112.0,6013.0,4310.0,4264.367
40,18,0,0,1,"(0.5, 2.5, 10)",6931.0,,6480.962,6882.0,6860.0,7048.0,6965.0,6442.918
40,18,0,0,1,"(1.0, 2.5, 10)",7077.0,,6675.372,7061.0,7282.0,7578.0,7111.0,6722.897
40,18,0,0,1,"(2.0, 2.5, 10)",7368.0,,7075.114,7376.0,8127.0,8637.0,7403.0,7021.693
40,19,0,0,0,"(0.5, 2.5, 10)",3622.0,,3695.489,3678.0,3777.0,4165.0,3622.0,3624.92
40,19,0,0,0,"(1.0, 2.5, 10)",3752.0,,3861.039,3772.0,4112.0,4684.0,3752.0,3779.289
40,19,0,0,0,"(2.0, 2.5, 10)",4012.0,,4072.48,4007.0,4780.0,5720.0,4012.0,4023.095
40,19,0,0,1,"(0.5, 2.5, 10)",6610.0,,6199.544,6632.0,6555.0,6724.0,6610.0,6228.582
40,19,0,0,1,"(1.0, 2.5, 10)",6740.0,,6383.993,6813.0,6969.0,7212.0,6740.0,6377.501
40,19,0,0,1,"(2.0, 2.5, 10)",7000.0,,6803.006,6903.0,7797.0,8189.0,7000.0,6814.528
